iteration,penguin,length
1,0,664731.14
1,12,660556.45
1,8,660067.75
1,4,663425.02
1,1,660112.60
1,13,659618.07
1,9,660116.50
1,5,660718.70
1,2,662618.00
1,10,660116.23
1,14,662076.65
1,6,662087.12
1,3,660769.51
1,11,661855.23
1,15,658751.63
1,7,660565.24
2,0,660491.44
2,8,655328.75
2,12,663744.41
2,4,662009.64
2,9,663897.02
2,1,658981.61
2,13,660604.40
2,5,659685.63
2,10,658244.10
2,2,661605.42
2,14,658132.13
2,6,662802.55
2,11,659156.12
2,3,661247.18
2,15,658255.86
2,7,657687.00
3,12,658301.62
3,8,660820.53
3,0,655614.14
3,4,663209.09
3,13,661141.58
3,9,658414.82
3,5,657726.92
3,14,660365.61
3,10,659206.22
3,1,658173.10
3,6,656102.45
3,15,661119.22
3,11,665911.67
3,2,661590.18
3,7,660471.74
3,3,664431.41
4,8,664992.80
4,12,664085.57
4,0,658981.56
4,4,656046.34
4,9,660326.37
4,13,662141.82
4,1,661982.39
4,5,656343.49
4,10,659124.82
4,14,662389.66
4,2,659312.24
4,6,659348.37
4,11,657020.90
4,15,653099.95
4,3,661980.27
4,7,662629.43
5,8,662868.60
5,12,660007.98
5,0,663202.83
5,4,661383.27
5,9,662254.58
5,13,657211.92
5,1,661228.56
5,5,663942.93
5,10,657112.68
5,14,662208.25
5,2,660893.26
5,6,656149.96
5,11,656137.04
5,15,656804.34
5,3,663314.02
5,7,663171.61
6,12,657537.13
6,4,657608.35
6,8,661683.29
6,0,660231.07
6,13,663858.07
6,5,655771.06
6,9,661070.03
6,1,661998.26
6,14,662897.81
6,6,660409.77
6,10,656940.65
6,2,659126.10
6,15,656419.90
6,7,655427.22
6,11,659374.60
6,3,662175.27
7,8,657512.75
7,12,658534.06
7,0,660374.08
7,4,663678.54
7,9,657610.72
7,13,660723.15
7,5,657312.47
7,10,657267.29
7,1,657516.05
7,14,660337.16
7,6,661390.63
7,11,660165.97
7,2,658981.35
7,15,655942.56
7,7,658949.99
7,3,662071.26
8,8,660736.79
8,12,660652.80
8,4,665466.75
8,0,661480.00
8,9,657213.57
8,13,662524.13
8,5,660811.44
8,1,659209.36
8,10,655680.07
8,14,662039.22
8,6,659726.16
8,2,659026.89
8,11,658017.51
8,15,653663.01
8,7,653742.93
8,3,655457.92
9,8,662757.20
9,12,660329.24
9,4,661166.66
9,0,660432.55
9,9,662009.88
9,13,662602.21
9,5,658424.59
9,1,662282.76
9,10,657494.81
9,14,657360.02
9,6,656804.00
9,2,661556.11
9,11,662276.22
9,15,654427.84
9,7,660763.45
9,3,660742.56
10,8,662716.29
10,0,661785.84
10,4,657331.14
10,12,662815.57
10,9,661958.66
10,1,658026.26
10,5,660099.70
10,13,661757.33
10,10,661095.30
10,2,662412.76
10,6,658659.77
10,14,657467.39
10,11,660189.70
10,3,656774.81
10,7,660809.80
10,15,656456.16
11,8,659750.20
11,12,655905.40
11,0,659968.84
11,4,661796.70
11,9,660741.87
11,13,662994.14
11,1,653952.73
11,5,657120.90
11,10,662674.50
11,14,658623.57
11,2,657615.95
11,6,659262.79
11,11,654041.14
11,15,654953.48
11,3,660477.58
11,7,657840.27
12,8,663769.11
12,0,656456.05
12,12,657893.96
12,4,659844.82
12,9,658436.16
12,1,655784.69
12,13,658116.28
12,5,659551.03
12,10,656491.87
12,2,658553.20
12,14,661206.40
12,6,659531.20
12,11,658901.58
12,3,656572.21
12,15,656072.95
12,7,659759.86
13,8,655504.05
13,12,660359.69
13,0,657311.34
13,4,656746.24
13,9,661169.50
13,13,657214.45
13,1,658329.97
13,5,658477.27
13,10,658718.99
13,14,659027.09
13,2,656689.16
13,6,657875.84
13,11,657158.02
13,15,659482.20
13,3,661217.89
13,7,661608.79
14,4,663246.47
14,0,651464.51
14,8,663626.48
14,12,662035.00
14,5,658212.60
14,1,656755.27
14,9,661336.60
14,13,658068.58
14,6,657091.76
14,2,660547.44
14,10,660047.25
14,14,664465.80
14,7,659692.71
14,3,656146.21
14,11,656582.81
14,15,664031.84
15,8,658215.61
15,12,661000.20
15,0,651464.51
15,4,662348.43
15,9,661993.70
15,13,660683.52
15,10,658729.79
15,5,659470.97
15,14,661194.59
15,1,658412.99
15,11,657260.40
15,6,659113.99
15,15,658335.90
15,2,659103.89
15,7,658159.34
15,3,660993.59
16,0,651464.51
16,4,665474.93
16,8,659994.08
16,12,657230.33
16,1,659599.81
16,5,656216.90
16,9,662184.04
16,13,658605.83
16,2,660642.24
16,6,658335.33
16,10,660891.19
16,14,662245.81
16,3,660371.63
16,7,658608.64
16,11,658841.39
16,15,660365.05
17,8,660635.78
17,4,661114.26
17,12,659659.24
17,0,651464.51
17,9,663177.38
17,5,655001.77
17,13,659770.29
17,1,661166.48
17,10,660228.13
17,6,657426.33
17,14,662609.89
17,2,662283.99
17,11,663636.52
17,7,661355.22
17,15,656310.55
17,3,665054.84
18,8,657923.90
18,4,660230.27
18,12,662034.65
18,0,651464.51
18,9,663046.12
18,5,659957.31
18,13,656821.22
18,1,659702.90
18,10,660159.99
18,6,656414.13
18,14,662094.68
18,2,657793.53
18,11,656798.27
18,7,657517.21
18,15,657974.31
18,3,658197.26
19,4,662783.95
19,8,664755.00
19,12,662207.04
19,0,651464.51
19,5,655589.42
19,9,658092.06
19,13,657523.86
19,1,655099.02
19,10,658540.15
19,6,658817.61
19,14,658191.50
19,2,663079.58
19,11,661371.97
19,7,660300.20
19,15,658779.59
19,3,661430.92
20,0,651464.51
20,4,657738.13
20,8,657564.84
20,12,656911.43
20,1,660867.16
20,5,661346.94
20,9,661015.21
20,13,662570.48
20,2,661448.54
20,6,658622.13
20,10,655415.41
20,14,659091.15
20,3,665828.39
20,7,659301.70
20,11,656190.95
20,15,658075.86
21,8,659351.57
21,4,661793.45
21,12,657497.93
21,0,651464.51
21,9,659785.82
21,5,658728.30
21,13,655666.69
21,1,654536.47
21,10,653556.65
21,6,656865.69
21,14,659527.75
21,2,659654.60
21,11,655084.44
21,7,659744.01
21,15,661010.80
21,3,659816.03
22,8,658231.44
22,0,651464.51
22,4,661368.86
22,12,659619.52
22,9,655373.25
22,1,656393.01
22,5,658787.68
22,13,661979.53
22,10,657339.24
22,2,656742.12
22,6,659035.57
22,14,660547.09
22,11,658010.32
22,3,658739.66
22,7,662313.72
22,15,658719.21
23,0,651464.51
23,8,661270.78
23,4,655672.46
23,12,660865.03
23,1,657560.28
23,9,658711.26
23,5,660128.09
23,13,659230.53
23,2,661642.93
23,10,656702.84
23,6,660089.86
23,14,661106.33
23,3,658258.48
23,11,659727.57
23,7,655830.54
23,15,658116.83
24,8,658625.30
24,12,658898.41
24,0,651464.51
24,4,663859.40
24,9,660124.01
24,13,662857.37
24,1,658275.02
24,5,660380.97
24,10,653785.65
24,14,664219.69
24,2,659958.29
24,6,651854.46
24,11,653147.91
24,15,654342.48
24,3,659002.54
24,7,659009.81
25,0,651464.51
25,8,660292.77
25,4,664845.15
25,12,658165.00
25,1,659359.29
25,9,658015.87
25,5,658900.75
25,13,664214.09
25,2,655838.68
25,10,654594.18
25,6,659886.81
25,14,659058.04
25,3,660834.33
25,11,660785.21
25,7,658013.60
25,15,652924.86
26,0,651464.51
26,8,659112.75
26,4,661487.55
26,12,661784.32
26,1,655724.49
26,9,661318.03
26,5,655501.77
26,13,661968.19
26,2,658484.34
26,10,658186.11
26,6,659671.58
26,14,660068.96
26,3,664157.51
26,11,656203.68
26,7,663539.48
26,15,653421.03
27,8,660146.63
27,4,667000.77
27,12,660979.82
27,0,651464.51
27,9,660330.74
27,5,659637.43
27,13,661611.26
27,1,656558.91
27,10,659307.74
27,6,658911.02
27,14,661728.90
27,2,660557.65
27,11,656916.80
27,7,661659.19
27,15,658564.65
27,3,663685.83
28,8,659074.99
28,0,651464.51
28,4,662773.32
28,12,659078.27
28,9,658044.45
28,1,659437.42
28,5,651515.74
28,13,662632.71
28,10,659873.69
28,2,658689.01
28,6,660936.98
28,14,658414.94
28,11,662500.65
28,3,659692.38
28,7,659679.23
28,15,656860.38
29,0,651464.51
29,4,664182.97
29,8,658028.05
29,12,659249.00
29,1,657394.30
29,5,656355.39
29,9,660267.43
29,13,660960.74
29,2,660390.84
29,6,654975.28
29,10,653684.12
29,14,660625.30
29,3,657867.67
29,7,658037.51
29,11,660709.68
29,15,656291.21
30,8,660413.14
30,0,651464.51
30,4,659154.71
30,12,658904.11
30,9,661626.87
30,1,657587.04
30,5,657151.20
30,13,661039.69
30,10,653764.86
30,2,661369.78
30,6,657821.12
30,14,655742.87
30,11,655595.03
30,3,655889.47
30,7,660177.49
30,15,657545.99
31,4,663496.36
31,8,660203.58
31,12,659251.45
31,0,651464.51
31,5,657963.35
31,9,660792.76
31,13,660430.21
31,1,658238.08
31,6,654346.93
31,10,657816.98
31,14,661579.69
31,2,660160.78
31,7,661352.27
31,11,660384.47
31,15,660003.90
31,3,659267.88
32,8,664989.88
32,12,661844.63
32,0,654778.88
32,4,658690.53
32,9,657345.71
32,13,660363.22
32,1,662799.86
32,5,658465.88
32,10,658983.48
32,14,661597.92
32,2,659860.48
32,6,657709.11
32,11,656595.55
32,15,656694.61
32,3,661985.89
32,7,658279.72
33,12,658395.28
33,4,664038.84
33,0,656236.51
33,8,662861.89
33,13,658804.14
33,5,660083.43
33,1,662360.06
33,9,655136.18
33,14,665672.79
33,6,654951.73
33,2,661150.01
33,10,660657.12
33,15,654182.22
33,7,658686.99
33,3,659998.78
33,11,656363.77
34,12,656456.32
34,0,660057.97
34,8,660237.34
34,4,664023.42
34,13,659450.98
34,1,661658.81
34,9,653332.58
34,5,657914.33
34,14,660466.38
34,2,657252.13
34,10,656285.10
34,6,661322.50
34,15,654900.43
34,3,661010.40
34,7,661766.72
34,11,659273.63
35,12,658216.36
35,8,660516.30
35,4,663011.21
35,0,660492.51
35,13,657435.35
35,9,662668.86
35,5,659428.01
35,1,655005.94
35,14,659543.95
35,10,658114.76
35,6,654641.50
35,2,656777.89
35,15,659830.33
35,11,658213.25
35,7,656757.36
35,3,662917.70
36,12,657664.04
36,4,660098.80
36,8,656540.38
36,0,660020.12
36,13,662379.34
36,5,659034.72
36,9,662276.41
36,1,658115.69
36,6,653854.13
36,10,656918.67
36,14,658659.72
36,2,657992.30
36,7,659304.44
36,11,661811.81
36,15,658255.85
36,3,659792.95
37,12,660146.23
37,8,661951.16
37,0,664451.92
37,4,660441.49
37,13,660894.78
37,9,657608.58
37,1,659229.50
37,5,660286.74
37,14,656659.75
37,10,658500.78
37,2,661029.85
37,6,660083.60
37,15,656146.38
37,11,655729.55
37,3,658117.72
37,7,659926.36
38,12,660009.86
38,8,658078.53
38,0,659362.93
38,4,660869.78
38,13,660284.39
38,9,663912.40
38,1,656716.88
38,5,659415.18
38,14,661241.18
38,10,657951.28
38,2,659800.41
38,6,661471.23
38,15,660511.00
38,11,656207.40
38,3,657705.12
38,7,660506.94
39,12,656750.81
39,8,659514.08
39,0,659539.59
39,4,656094.50
39,13,660030.57
39,9,663714.28
39,1,655889.68
39,5,660103.01
39,14,658555.62
39,10,656743.67
39,2,656809.93
39,6,660796.45
39,15,659929.89
39,11,656014.55
39,3,660320.18
39,7,662433.79
40,4,661898.67
40,12,661188.72
40,0,657232.14
40,8,663781.57
40,5,657251.62
40,13,656662.61
40,1,658056.20
40,9,664805.40
40,6,654828.85
40,14,658962.55
40,2,656828.71
40,10,658586.63
40,7,653595.12
40,15,660666.93
40,3,657676.03
40,11,660619.96
41,12,661618.80
41,0,654695.88
41,8,657671.70
41,4,660756.80
41,13,661186.69
41,1,658914.93
41,9,658375.03
41,5,655886.31
41,14,657794.69
41,2,659402.62
41,10,657686.54
41,6,660075.14
41,15,660029.36
41,3,659864.98
41,11,656781.31
41,7,658194.55
42,0,657235.12
42,12,659182.23
42,8,657009.39
42,4,659195.77
42,1,660386.24
42,13,660569.94
42,9,664487.60
42,5,654840.65
42,2,659963.38
42,14,663498.43
42,10,657007.86
42,6,661067.70
42,3,657299.86
42,15,659243.72
42,11,659949.23
42,7,657628.69
43,12,655966.09
43,0,658412.40
43,8,663478.87
43,4,663451.21
43,13,660995.48
43,1,655250.59
43,9,664526.88
43,5,660130.87
43,14,659856.26
43,2,659343.06
43,10,659659.26
43,6,657712.56
43,15,660381.74
43,3,659937.30
43,11,658031.82
43,7,655806.36
44,12,661142.50
44,8,659662.87
44,0,655202.59
44,4,660208.49
44,13,666013.15
44,9,657877.20
44,5,658876.19
44,14,659566.28
44,10,661434.79
44,1,655551.99
44,6,656043.55
44,15,655340.37
44,11,657830.42
44,2,659439.94
44,7,657193.22
44,3,658719.66
45,12,661381.56
45,8,658351.54
45,4,665897.23
45,0,660493.31
45,13,662633.76
45,9,657424.62
45,5,657019.67
45,1,656169.56
45,14,667894.53
45,10,660561.15
45,6,657270.96
45,2,654920.19
45,15,659848.13
45,11,657828.65
45,7,657684.29
45,3,658993.47
46,8,656842.50
46,12,656581.58
46,4,660224.59
46,0,656474.42
46,9,659726.09
46,13,660382.59
46,5,658014.93
46,1,657040.62
46,10,662234.78
46,14,658111.77
46,6,658618.20
46,2,654714.08
46,11,651861.93
46,15,661458.34
46,7,660648.13
46,3,660625.67
47,4,660387.65
47,8,666304.55
47,12,658632.71
47,0,658124.02
47,5,660492.14
47,9,659589.61
47,13,656220.28
47,1,659559.02
47,6,657691.69
47,10,658129.24
47,14,657919.45
47,2,657383.38
47,7,660251.57
47,11,656875.91
47,15,655211.51
47,3,658792.51
48,4,657311.21
48,0,654846.93
48,12,659632.06
48,8,663451.20
48,5,659771.74
48,1,658613.79
48,13,660696.44
48,9,664376.95
48,6,657697.41
48,2,657518.79
48,14,659599.76
48,10,658692.19
48,7,658842.92
48,3,659943.28
48,15,655488.09
48,11,655725.30
49,4,660838.17
49,8,662369.17
49,12,661197.28
49,0,658321.71
49,5,659131.38
49,9,657410.00
49,13,658497.07
49,1,655557.66
49,6,659804.81
49,10,657682.36
49,14,662178.37
49,2,660843.07
49,7,658258.30
49,11,656890.74
49,3,659885.60
49,15,657699.31
50,4,663347.49
50,0,662498.02
50,8,654613.47
50,12,659077.93
50,5,659127.11
50,1,661559.80
50,9,660471.99
50,13,663879.51
50,6,659645.90
50,10,655383.70
50,2,654499.54
50,14,661854.96
50,7,659555.42
50,11,659829.04
50,3,660418.74
50,15,653547.34
51,4,659023.27
51,12,659025.13
51,0,656833.04
51,8,659166.48
51,5,658625.91
51,13,660428.95
51,1,655735.78
51,9,661096.06
51,6,654738.92
51,14,663188.02
51,2,658804.32
51,10,662205.94
51,7,659514.44
51,15,659986.22
51,3,660389.17
51,11,658876.14
52,4,663692.51
52,12,661034.83
52,8,660296.23
52,0,663241.58
52,5,658998.35
52,13,661276.69
52,9,663146.52
52,1,655595.10
52,6,654959.94
52,14,661803.97
52,10,659649.61
52,2,660229.22
52,7,657160.70
52,15,657666.33
52,11,659480.30
52,3,662323.02
53,0,659522.25
53,12,657978.37
53,4,659500.46
53,8,658100.83
53,1,656825.50
53,13,662104.61
53,5,657438.44
53,9,659848.55
53,2,658801.13
53,14,659887.35
53,6,658939.82
53,10,656340.46
53,3,658677.99
53,15,659845.14
53,7,657954.60
53,11,658851.54
54,8,658510.20
54,0,657441.48
54,12,658155.65
54,4,661030.66
54,9,659686.49
54,1,655810.13
54,13,659800.30
54,5,657759.27
54,10,661147.15
54,2,658297.52
54,14,664370.66
54,6,661134.63
54,11,658874.77
54,3,660114.03
54,15,656260.88
54,7,660476.34
55,8,661202.60
55,0,653700.16
55,4,660320.94
55,12,661115.17
55,9,664618.71
55,1,657915.80
55,5,657581.83
55,13,659929.64
55,10,660482.62
55,2,657638.46
55,6,653381.92
55,14,664862.52
55,11,655199.71
55,3,663652.30
55,7,659714.53
55,15,659139.92
56,8,662794.49
56,12,659060.10
56,4,659937.88
56,0,658176.50
56,9,660300.43
56,13,663592.60
56,5,656136.63
56,1,660292.19
56,10,661989.26
56,14,659356.86
56,6,654478.73
56,2,660334.59
56,11,659856.08
56,15,663471.89
56,7,656114.68
56,3,662234.41
57,8,660542.63
57,12,660148.63
57,0,654361.22
57,4,658596.79
57,9,661340.16
57,13,665956.40
57,5,662152.10
57,10,654253.22
57,14,661736.09
57,1,655905.79
57,6,658765.77
57,11,656742.65
57,15,656556.97
57,2,655975.92
57,7,660651.75
57,3,664323.94
58,0,661200.66
58,8,657399.57
58,12,660976.52
58,4,657596.48
58,1,658624.45
58,9,666656.43
58,13,659962.83
58,5,651004.84
58,2,659650.48
58,10,657512.76
58,14,660857.55
58,6,654978.43
58,3,657322.70
58,11,656687.74
58,15,657876.49
58,7,657935.40
59,8,657137.60
59,0,652677.21
59,4,658783.71
59,12,654323.52
59,9,659838.26
59,1,658501.32
59,5,651004.84
59,13,656123.27
59,10,658101.01
59,2,659752.74
59,6,655006.60
59,14,663798.47
59,11,657025.48
59,3,656673.35
59,7,652872.03
59,15,652776.99
60,8,664895.63
60,0,657425.39
60,4,665923.64
60,12,659681.51
60,9,663377.37
60,1,658845.97
60,5,651004.84
60,13,662383.94
60,10,657132.41
60,2,658600.02
60,6,661136.98
60,14,659625.65
60,11,654802.78
60,3,665261.29
60,7,660951.95
60,15,659173.67
61,4,658580.34
61,12,658180.95
61,0,657602.79
61,8,660550.14
61,5,651004.84
61,13,658924.54
61,1,657510.11
61,9,659177.36
61,6,660063.74
61,14,660810.74
61,2,659785.27
61,10,653919.00
61,7,659570.12
61,15,655613.62
61,3,660643.46
61,11,659806.66
62,8,659099.46
62,4,665073.86
62,0,656625.94
62,12,658414.59
62,9,661179.46
62,5,651004.84
62,1,658008.70
62,13,657564.82
62,10,658155.69
62,2,658309.92
62,6,656241.91
62,14,663732.20
62,11,661511.01
62,3,659278.57
62,7,656398.99
62,15,661195.74
63,4,661672.30
63,12,656673.64
63,0,660743.88
63,8,664928.64
63,5,651004.84
63,13,662366.98
63,1,656137.82
63,9,664984.02
63,6,658099.86
63,14,665574.40
63,2,659615.84
63,10,656310.26
63,7,654805.39
63,15,656342.41
63,3,662831.86
63,11,658632.11
64,4,660157.79
64,8,655372.72
64,12,658490.95
64,0,655286.09
64,5,655861.39
64,9,657683.91
64,13,662772.84
64,1,656379.60
64,6,657499.90
64,10,657476.86
64,14,660357.38
64,2,661447.13
64,7,657087.88
64,11,662423.10
64,15,659252.63
64,3,660914.73
65,8,657411.72
65,4,663487.21
65,0,656677.94
65,12,663379.85
65,9,662354.02
65,5,660763.69
65,1,654212.40
65,13,657087.04
65,10,656433.09
65,14,659865.88
65,2,656733.92
65,6,654836.15
65,11,658222.78
65,15,659651.47
65,3,656598.54
65,7,656234.99
66,4,655635.28
66,8,657673.18
66,0,655150.02
66,12,656685.90
66,5,654309.36
66,9,659415.47
66,1,658352.68
66,13,658700.14
66,6,661994.59
66,10,651314.90
66,2,655902.00
66,14,660517.74
66,7,661411.79
66,11,656726.94
66,3,659999.97
66,15,654913.43
67,12,661744.09
67,0,655601.68
67,4,662577.19
67,8,658550.10
67,13,660073.65
67,1,658422.93
67,5,659043.06
67,9,658239.18
67,14,662284.38
67,2,660714.37
67,6,656651.96
67,10,657033.37
67,15,658851.32
67,3,659224.94
67,7,659356.59
67,11,659257.44
68,4,659858.25
68,8,658851.79
68,0,657911.67
68,12,657448.61
68,5,658516.76
68,9,660233.60
68,1,657380.99
68,13,660858.80
68,6,657801.43
68,10,655195.95
68,2,660346.75
68,14,659385.04
68,7,650804.64
68,11,661581.71
68,3,659014.66
68,15,656765.91
69,12,656125.80
69,4,666090.96
69,8,655765.38
69,0,659306.31
69,13,662582.42
69,5,659953.86
69,9,660021.01
69,1,658072.84
69,14,661263.65
69,6,660489.02
69,10,657048.47
69,2,657806.15
69,15,660167.04
69,7,659603.37
69,11,656476.23
69,3,659799.60
70,4,661830.89
70,12,655740.12
70,8,655536.96
70,0,658186.76
70,5,656456.99
70,13,656801.47
70,9,660726.05
70,1,660015.39
70,6,655419.98
70,14,657620.82
70,10,655682.03
70,2,658125.66
70,7,657148.60
70,15,660166.92
70,11,655700.88
70,3,663595.86
71,4,661181.09
71,8,659178.68
71,0,655528.04
71,12,656302.41
71,5,656777.85
71,9,662317.73
71,1,659084.45
71,13,662817.45
71,6,653604.00
71,10,658523.11
71,2,660491.94
71,14,657937.13
71,7,658925.90
71,11,658227.22
71,3,661498.03
71,15,659854.02
72,4,661676.00
72,8,657341.84
72,0,658904.19
72,12,659136.99
72,5,656404.94
72,9,660101.68
72,1,663264.26
72,13,660650.06
72,6,656077.76
72,10,658259.26
72,2,655731.23
72,14,664337.95
72,7,660162.12
72,11,657831.29
72,3,661705.04
72,15,660774.64
73,0,654951.42
73,12,659357.63
73,8,655816.29
73,4,660415.52
73,1,659131.63
73,13,665836.17
73,9,656700.55
73,5,658897.20
73,2,658464.85
73,14,661059.79
73,10,657617.57
73,6,659890.02
73,3,659823.52
73,15,658083.82
73,11,658323.49
73,7,655812.82
74,0,656512.00
74,12,661706.47
74,8,655080.41
74,4,661576.58
74,1,657705.22
74,13,659253.98
74,9,663547.86
74,5,655789.46
74,2,656935.64
74,14,657056.26
74,10,659872.04
74,6,653945.55
74,3,655912.00
74,15,651892.03
74,11,656638.83
74,7,658502.24
75,4,660849.74
75,12,656930.03
75,0,657969.93
75,8,661922.67
75,5,657889.91
75,13,656237.42
75,1,652819.75
75,9,660378.25
75,6,659669.40
75,14,663513.70
75,2,654303.74
75,10,658506.88
75,7,659996.78
75,3,655457.84
75,15,654186.34
75,11,652958.32
76,4,662988.18
76,12,657477.72
76,8,658131.96
76,0,652526.03
76,5,657027.08
76,13,656412.46
76,9,663084.48
76,1,657614.16
76,6,655556.58
76,14,662034.15
76,10,655300.33
76,2,655062.86
76,7,658693.42
76,15,655129.57
76,11,657602.43
76,3,657363.15
77,4,658535.44
77,0,655861.19
77,8,660749.21
77,12,656890.11
77,5,657084.27
77,1,657638.79
77,9,657759.94
77,13,658858.85
77,6,656092.71
77,2,659794.00
77,10,655082.75
77,14,662775.85
77,7,660410.25
77,3,661359.03
77,11,659485.91
77,15,651704.57
78,8,660934.65
78,12,654167.13
78,4,659487.44
78,0,656796.87
78,9,661660.14
78,13,663609.09
78,5,656894.14
78,1,657030.81
78,10,657129.27
78,14,665739.21
78,6,655097.80
78,2,655471.60
78,11,655781.96
78,15,655609.85
78,7,658000.19
78,3,660214.72
79,4,660525.76
79,12,656746.26
79,8,653190.27
79,0,654784.19
79,5,658122.84
79,13,660557.16
79,9,663098.79
79,1,660646.07
79,6,657711.25
79,14,661091.56
79,10,657103.72
79,2,656071.11
79,7,660892.20
79,15,657153.61
79,11,661629.11
79,3,660104.20
80,8,658189.97
80,4,658142.65
80,0,657683.04
80,12,659227.51
80,9,661170.48
80,5,657849.68
80,1,657793.62
80,13,657136.55
80,10,656666.96
80,6,657106.06
80,2,657860.74
80,14,659873.15
80,11,654604.67
80,7,659703.66
80,3,659602.03
80,15,656191.21
81,4,661437.61
81,0,657507.90
81,12,657026.63
81,8,659604.28
81,5,654379.94
81,1,653759.18
81,13,654265.57
81,9,663133.87
81,6,657228.16
81,2,655641.25
81,14,658710.21
81,10,656176.20
81,7,660924.54
81,3,658261.52
81,15,656438.96
81,11,657226.51
82,4,659284.02
82,12,656704.05
82,8,659841.30
82,0,657624.44
82,5,654969.51
82,13,664428.73
82,9,662440.35
82,1,651124.61
82,6,658580.65
82,14,661541.34
82,10,657873.52
82,2,657913.04
82,7,655656.98
82,15,657095.65
82,11,658918.54
82,3,658784.87
83,4,665507.23
83,8,654688.50
83,0,657861.05
83,12,660618.93
83,5,658034.15
83,9,663617.04
83,1,661028.88
83,13,659524.74
83,6,656403.21
83,10,656603.92
83,2,658258.49
83,14,663390.42
83,7,656950.85
83,11,658522.71
83,3,658004.68
83,15,656545.31
84,4,662853.87
84,0,656069.84
84,8,660181.23
84,12,656322.19
84,5,658941.35
84,1,658422.68
84,9,656966.18
84,13,656444.05
84,6,652931.48
84,2,659479.01
84,10,656338.64
84,14,660661.44
84,7,654666.21
84,3,658980.82
84,11,659004.63
84,15,658522.83
85,4,661331.78
85,12,657154.52
85,8,658825.28
85,0,659042.37
85,5,654626.29
85,13,658140.35
85,9,659958.26
85,1,656359.26
85,6,659407.62
85,14,663396.91
85,10,659618.78
85,2,650316.77
85,7,656918.37
85,15,656133.81
85,11,659026.21
85,3,661408.99
86,4,660952.64
86,12,657987.66
86,0,652719.01
86,8,658842.19
86,5,653897.07
86,13,652644.23
86,1,656102.99
86,9,659443.94
86,6,655672.65
86,14,660253.20
86,2,656368.42
86,10,654985.94
86,7,657592.38
86,15,661528.72
86,3,658168.68
86,11,656097.23
87,8,657620.64
87,0,653924.39
87,12,658661.08
87,4,660241.23
87,9,659469.81
87,1,654600.85
87,13,662238.89
87,5,654065.02
87,10,655580.71
87,2,656990.57
87,14,662684.84
87,6,654361.53
87,11,660348.70
87,3,658444.69
87,15,655235.24
87,7,658446.16
88,4,658325.54
88,8,661526.44
88,12,655444.36
88,0,657273.34
88,5,659263.09
88,9,658092.46
88,13,656168.68
88,1,660558.11
88,6,655435.90
88,10,658541.58
88,14,661361.18
88,2,653415.28
88,7,659001.78
88,11,657948.95
88,15,655904.68
88,3,652219.65
89,8,658033.76
89,0,657398.51
89,12,653329.45
89,4,661531.24
89,9,657223.25
89,1,658844.51
89,13,656157.49
89,5,660562.44
89,10,658078.37
89,2,653971.52
89,14,657752.29
89,6,659369.95
89,11,655894.98
89,3,658869.06
89,15,655728.32
89,7,653938.01
90,8,656817.35
90,0,656020.04
90,4,664064.79
90,12,654361.52
90,9,660172.20
90,1,658039.85
90,5,658359.97
90,13,658023.50
90,10,654719.90
90,2,658046.57
90,6,652778.39
90,14,657715.25
90,11,658625.62
90,3,659186.75
90,7,655446.91
90,15,653881.27
91,4,662338.91
91,0,653626.91
91,8,659205.81
91,12,657446.10
91,5,658082.68
91,1,652387.60
91,9,655320.33
91,13,659032.10
91,6,655729.71
91,2,659097.63
91,10,660086.60
91,14,661200.37
91,7,656858.74
91,3,657852.78
91,11,655701.51
91,15,653193.05
92,8,660270.26
92,12,662774.81
92,0,661147.52
92,4,660911.37
92,9,659276.27
92,13,659135.29
92,1,655106.45
92,5,654286.53
92,10,656675.45
92,14,659451.60
92,2,658335.04
92,6,658157.89
92,11,656540.56
92,15,658694.43
92,3,657411.78
92,7,652041.58
93,4,659906.54
93,0,659028.15
93,8,658578.77
93,12,658885.79
93,5,658528.28
93,1,655203.36
93,9,656909.98
93,13,658661.13
93,6,658543.22
93,2,656113.61
93,10,658675.80
93,14,658307.08
93,7,655889.75
93,3,658639.82
93,11,654752.35
93,15,658111.66
94,8,659248.00
94,0,657794.88
94,12,661612.82
94,4,660631.53
94,9,657595.91
94,1,657153.98
94,13,660952.88
94,5,654666.13
94,10,656873.46
94,2,653229.35
94,14,666453.78
94,6,656114.38
94,11,657128.10
94,3,659182.13
94,15,653784.32
94,7,655983.19
95,4,664767.23
95,0,657484.03
95,8,656730.10
95,12,658138.58
95,5,657374.29
95,1,658306.84
95,9,660571.05
95,13,659294.84
95,6,660467.98
95,2,657102.08
95,10,653724.01
95,14,658920.89
95,7,660635.18
95,3,659802.22
95,11,656048.94
95,15,657556.80
96,4,663355.00
96,8,661837.56
96,0,653733.98
96,12,660760.68
96,5,657965.57
96,9,661814.08
96,1,657862.42
96,13,659529.28
96,6,658379.40
96,10,656490.58
96,2,657220.09
96,14,664029.01
96,7,659013.70
96,11,655066.08
96,3,660082.37
96,15,652828.94
97,4,660324.17
97,12,660500.74
97,8,656729.72
97,0,656927.68
97,5,652660.11
97,13,659220.68
97,9,660407.62
97,1,656074.25
97,6,656993.87
97,14,658728.63
97,10,660635.48
97,2,661071.71
97,7,655374.53
97,15,657309.21
97,11,657838.27
97,3,659987.61
98,4,661897.78
98,0,656884.35
98,8,658190.90
98,12,655013.21
98,5,655152.48
98,1,654693.25
98,9,661282.43
98,13,655146.10
98,6,652179.56
98,2,655319.27
98,10,653609.40
98,14,660587.41
98,7,655977.04
98,3,662079.30
98,11,652794.77
98,15,657487.02
99,4,662410.40
99,0,655087.75
99,12,657927.04
99,8,661168.42
99,5,658826.24
99,1,656705.32
99,13,658055.89
99,9,662249.58
99,6,653509.78
99,2,655372.94
99,14,661807.26
99,10,653596.86
99,7,657945.14
99,3,656568.00
99,15,653909.87
99,11,654836.40
100,0,658996.78
100,8,661236.56
100,12,656368.86
100,4,655933.26
100,9,660092.14
100,1,655602.60
100,13,657794.78
100,5,657107.77
100,10,656162.68
100,2,662976.36
100,14,658644.74
100,6,659495.06
100,11,656946.15
100,3,657381.69
100,15,655142.18
100,7,659650.69
101,8,663396.78
101,4,658349.15
101,12,661495.02
101,0,659713.90
101,9,660233.23
101,5,654311.89
101,1,659089.26
101,13,659028.58
101,10,654286.56
101,6,652938.29
101,2,656130.57
101,14,660166.77
101,11,656190.99
101,7,659514.66
101,3,659629.29
101,15,658478.82
102,4,660207.20
102,8,658340.65
102,0,655418.71
102,12,660100.08
102,5,653883.58
102,9,659522.56
102,1,656642.44
102,13,654837.70
102,6,659069.04
102,10,654866.79
102,2,657465.38
102,14,659541.39
102,7,659707.04
102,11,659322.85
102,3,655241.20
102,15,655462.53
103,4,661207.47
103,8,658403.26
103,12,659917.08
103,0,654478.67
103,5,656906.18
103,9,661748.43
103,13,661475.41
103,1,656134.99
103,6,653062.93
103,10,656057.98
103,14,660973.34
103,2,655710.96
103,7,656738.65
103,11,658069.37
103,15,659745.54
103,3,652551.01
104,4,665877.21
104,0,655935.36
104,12,655786.58
104,8,664917.46
104,5,655331.54
104,1,656131.83
104,13,656189.42
104,9,663472.53
104,6,658839.47
104,2,655761.07
104,14,660089.18
104,10,655477.40
104,7,657970.76
104,3,656853.60
104,15,656041.18
104,11,658739.64
105,12,657637.57
105,0,656565.97
105,4,666936.12
105,8,657992.80
105,13,656857.51
105,1,655395.46
105,5,656931.74
105,9,660033.22
105,14,661484.98
105,2,654624.57
105,6,654075.34
105,10,657367.69
105,15,655515.95
105,3,657776.16
105,7,656539.22
105,11,658286.85
106,8,658219.15
106,0,657158.46
106,4,658424.29
106,12,659229.83
106,9,661898.59
106,1,656344.62
106,5,657959.44
106,13,661522.09
106,10,656744.57
106,2,657456.98
106,6,652404.83
106,14,658271.11
106,11,659717.88
106,3,658783.73
106,7,655758.24
106,15,658572.95
107,8,656758.89
107,4,661994.66
107,12,658315.29
107,0,659209.30
107,9,664242.47
107,5,656191.02
107,13,660656.48
107,1,654722.80
107,10,654673.96
107,6,660727.99
107,14,662368.11
107,2,654432.64
107,11,658802.98
107,7,656331.70
107,15,656839.27
107,3,659217.51
108,8,654111.20
108,12,655000.46
108,0,658517.08
108,4,660524.26
108,9,659264.14
108,13,661803.15
108,1,654615.69
108,5,652614.30
108,10,656533.75
108,14,657525.51
108,2,660386.79
108,6,658403.14
108,11,658072.15
108,15,655124.14
108,3,659345.54
108,7,659894.95
109,4,661439.87
109,8,655784.10
109,12,662112.67
109,0,654852.47
109,5,655644.76
109,9,658607.58
109,13,658287.68
109,1,652560.50
109,6,653439.05
109,10,650920.72
109,14,660413.41
109,2,653593.76
109,7,659404.45
109,11,658405.34
109,15,659354.98
109,3,655629.21
110,4,661470.09
110,12,657316.50
110,8,659041.28
110,0,653964.67
110,5,655284.06
110,13,656968.50
110,9,659407.33
110,1,651323.25
110,6,653386.49
110,14,662853.25
110,10,656424.18
110,2,655997.31
110,7,650708.33
110,15,656336.60
110,3,658982.13
110,11,654790.22
111,8,655683.99
111,12,657591.79
111,0,656643.80
111,4,663841.89
111,9,663770.63
111,13,657396.57
111,1,655141.48
111,5,654909.81
111,10,656930.83
111,14,662601.62
111,2,654379.10
111,6,655903.84
111,11,650910.22
111,15,658122.80
111,3,659877.71
111,7,657945.34
112,4,663140.76
112,12,657765.11
112,0,658269.69
112,8,655387.38
112,5,658053.84
112,13,656900.19
112,1,655056.47
112,9,659651.20
112,6,652331.97
112,14,661560.30
112,2,659787.65
112,10,657079.76
112,7,657939.93
112,15,658098.71
112,3,657350.38
112,11,656133.73
113,8,657977.52
113,4,659583.56
113,0,656660.61
113,12,657014.09
113,9,659981.72
113,5,654854.38
113,1,658213.66
113,13,661847.01
113,10,655234.95
113,6,654982.44
113,2,654355.81
113,14,656841.25
113,11,659397.77
113,7,656213.40
113,3,656690.93
113,15,655226.47
114,4,661388.13
114,8,657633.84
114,12,656899.74
114,0,656888.43
114,5,659479.13
114,9,662310.19
114,13,652509.50
114,1,653352.29
114,6,654434.04
114,10,655905.32
114,14,657645.23
114,2,657290.70
114,7,655307.93
114,11,656501.44
114,15,654712.98
114,3,657740.69
115,8,652368.25
115,4,660319.22
115,0,656473.45
115,12,656112.21
115,9,656337.74
115,5,657925.76
115,1,652367.35
115,13,657305.34
115,10,653845.19
115,6,656758.27
115,2,651728.22
115,14,660996.36
115,11,657672.84
115,7,656423.50
115,3,659210.61
115,15,656929.18
116,8,656812.41
116,0,657093.64
116,12,654718.64
116,4,656824.21
116,9,657640.21
116,1,656903.19
116,13,659934.25
116,5,657921.08
116,10,657040.99
116,2,657235.46
116,14,657655.98
116,6,655663.55
116,11,657088.72
116,3,656843.38
116,15,654780.88
116,7,659274.16
117,8,656921.93
117,4,659590.68
117,12,660078.95
117,0,653931.18
117,9,662156.60
117,5,657667.78
117,13,659137.64
117,1,658807.89
117,10,653858.07
117,6,659443.39
117,14,659749.26
117,2,655162.92
117,11,657914.93
117,7,655690.46
117,15,654237.00
117,3,654871.72
118,8,661339.86
118,4,658519.13
118,12,649724.50
118,0,654862.15
118,9,658895.61
118,5,653552.52
118,13,655792.45
118,1,655762.85
118,10,652281.42
118,6,657454.49
118,14,660656.11
118,2,655709.86
118,11,655214.80
118,7,656164.26
118,15,654829.94
118,3,657916.09
119,8,657618.87
119,12,653467.58
119,0,655557.02
119,4,656870.08
119,9,659579.79
119,13,660861.14
119,1,657280.97
119,5,654263.43
119,10,658234.47
119,14,652911.67
119,2,654122.25
119,6,655452.40
119,11,656629.38
119,15,655634.65
119,3,655068.83
119,7,658193.49
120,8,655981.86
120,0,656000.50
120,4,657915.55
120,12,653086.22
120,9,656218.86
120,1,652769.78
120,5,655007.54
120,13,654277.51
120,10,650861.53
120,2,654319.30
120,6,654791.03
120,14,657065.23
120,11,654072.90
120,3,651942.57
120,7,656319.93
120,15,656796.89
121,8,659559.22
121,12,657532.42
121,0,655897.84
121,4,666184.37
121,9,660068.79
121,13,655863.46
121,1,653226.56
121,5,656244.26
121,10,656284.91
121,14,663702.88
121,2,658126.43
121,6,656391.09
121,11,651514.36
121,15,653815.28
121,3,657617.74
121,7,656089.63
122,8,662558.99
122,0,657529.11
122,12,654449.27
122,4,661241.05
122,9,663632.80
122,1,654842.86
122,13,656583.72
122,5,653288.89
122,10,654217.16
122,2,656588.37
122,14,662155.79
122,6,652817.44
122,11,656331.53
122,3,654282.68
122,15,657877.75
122,7,653242.20
123,0,657762.83
123,4,658596.84
123,12,659499.67
123,8,657592.09
123,1,655286.98
123,5,656875.84
123,13,661595.85
123,9,658229.23
123,2,655541.94
123,6,655990.90
123,14,655309.00
123,10,656388.05
123,3,658164.46
123,7,654810.00
123,15,654292.00
123,11,655707.07
124,4,663027.45
124,8,659169.88
124,12,655908.31
124,0,655690.62
124,5,652708.21
124,9,659524.93
124,13,663850.57
124,1,656903.50
124,6,656534.36
124,10,655127.30
124,14,662960.30
124,2,656441.31
124,7,656794.57
124,11,651885.75
124,15,653219.26
124,3,652987.37
125,8,653944.02
125,4,661703.57
125,12,653429.51
125,0,652452.65
125,9,663522.06
125,5,655344.98
125,13,654617.30
125,1,655361.11
125,10,652955.75
125,6,656399.45
125,14,657946.67
125,2,650829.39
125,11,652647.76
125,7,655958.50
125,15,655299.30
125,3,655024.91
126,0,653215.93
126,12,652966.39
126,4,660025.10
126,8,658034.10
126,1,653715.83
126,13,657143.47
126,5,657855.68
126,9,665580.42
126,2,657565.19
126,14,661091.44
126,6,654603.13
126,10,656913.25
126,3,658231.46
126,15,654273.50
126,7,657255.03
126,11,652023.60
127,12,656382.23
127,8,657961.85
127,0,655813.31
127,4,662501.89
127,13,659867.15
127,9,657416.96
127,5,654611.87
127,14,660026.26
127,10,653504.89
127,1,654606.26
127,6,649403.36
127,15,650982.16
127,11,656912.55
127,2,653775.18
127,7,657089.20
127,3,657788.65
128,4,661002.04
128,8,656540.25
128,0,654383.68
128,12,655854.20
128,5,656885.29
128,9,659205.25
128,1,653615.72
128,13,662349.56
128,6,653957.04
128,10,654671.16
128,2,650860.06
128,14,660458.30
128,7,654664.94
128,11,650373.52
128,3,656007.80
128,15,657554.68
129,12,657240.99
129,8,658646.99
129,0,656102.37
129,4,658914.72
129,13,657177.62
129,9,659082.74
129,1,654634.38
129,5,653967.15
129,14,658952.20
129,10,655076.16
129,2,659045.64
129,6,656408.65
129,15,657550.49
129,11,653152.00
129,3,661593.96
129,7,658075.15
130,8,656347.79
130,12,654483.29
130,0,655154.57
130,4,655938.87
130,9,660367.11
130,13,655271.58
130,1,654617.33
130,5,659496.45
130,10,656218.67
130,14,661174.05
130,2,653620.06
130,6,654619.06
130,11,654100.58
130,15,659442.86
130,3,655572.91
130,7,658456.26
131,0,656206.36
131,12,650265.99
131,8,660528.86
131,4,662756.17
131,1,652774.40
131,13,657912.59
131,9,661828.65
131,5,654082.19
131,2,655473.37
131,14,666172.72
131,10,655948.24
131,6,653644.27
131,3,660387.46
131,11,657068.51
131,15,655359.21
131,7,654108.41
132,12,659126.81
132,8,658288.79
132,0,649946.17
132,4,658080.59
132,13,656706.81
132,9,658341.41
132,1,657230.63
132,5,655958.55
132,14,658322.02
132,2,655683.48
132,6,650863.55
132,10,657627.51
132,15,656359.74
132,3,656246.31
132,7,658151.82
132,11,652350.97
133,4,660666.81
133,12,654893.08
133,0,654859.40
133,8,658614.36
133,5,652603.99
133,13,658521.28
133,1,656999.19
133,9,656290.61
133,6,650190.14
133,14,655786.72
133,2,654715.10
133,10,657442.05
133,7,654302.49
133,15,656244.49
133,3,658424.50
133,11,656005.29
134,8,655847.33
134,0,654328.26
134,12,652977.04
134,4,663374.19
134,9,660233.89
134,1,656530.73
134,13,655549.74
134,5,655653.22
134,10,654636.50
134,2,656048.36
134,6,653335.75
134,14,658973.79
134,11,651822.66
134,3,656227.56
134,7,654208.24
134,15,652738.04
135,0,657571.91
135,12,656029.00
135,8,652389.72
135,4,659851.41
135,1,652277.95
135,13,656839.58
135,9,659879.96
135,5,654740.26
135,2,653598.70
135,14,659375.56
135,10,655642.60
135,6,656309.83
135,3,651316.78
135,15,657196.12
135,11,655272.52
135,7,654618.13
136,0,657180.11
136,12,656567.62
136,8,658390.06
136,4,657912.46
136,1,656147.33
136,13,658702.07
136,9,661010.18
136,5,654343.87
136,2,653899.77
136,14,655689.56
136,10,652308.07
136,6,655563.91
136,3,658463.13
136,15,655059.53
136,11,654762.65
136,7,657423.36
137,8,659378.54
137,0,653169.22
137,12,654877.21
137,4,660957.16
137,9,654901.85
137,1,655657.44
137,13,654323.60
137,5,655359.54
137,10,655940.33
137,2,654403.55
137,14,659918.45
137,6,649598.99
137,11,656071.62
137,3,657674.66
137,15,653931.68
137,7,653420.40
138,4,659092.55
138,0,651303.08
138,8,653636.55
138,12,653483.68
138,5,654473.76
138,1,654272.51
138,9,661321.34
138,13,660053.31
138,6,655350.55
138,2,656696.20
138,10,655947.60
138,14,661306.52
138,7,655891.96
138,3,654820.99
138,11,658887.88
138,15,657157.27
139,4,664222.48
139,8,654091.84
139,0,654668.58
139,12,655579.78
139,5,655921.72
139,9,659768.29
139,1,656527.16
139,13,652484.06
139,6,655610.26
139,10,657008.58
139,2,655909.98
139,14,660162.69
139,7,656638.92
139,11,656398.87
139,3,657124.79
139,15,656774.14
140,4,657351.14
140,12,656700.87
140,0,654373.08
140,8,657128.85
140,5,653669.47
140,13,657258.59
140,1,654477.97
140,9,654560.05
140,6,655562.46
140,14,660811.40
140,2,652460.93
140,10,655852.18
140,7,657950.92
140,15,657392.77
140,3,656799.90
140,11,654552.06
141,4,664287.23
141,12,654059.66
141,0,655388.31
141,8,656390.99
141,5,655314.38
141,13,657283.81
141,1,653927.85
141,9,662441.50
141,6,653357.51
141,14,663472.25
141,2,655894.03
141,10,654832.71
141,7,654281.54
141,15,656024.85
141,3,658701.96
141,11,656801.51
142,4,656453.10
142,0,657515.38
142,8,658029.24
142,12,655755.57
142,5,655310.17
142,1,652991.73
142,9,662315.79
142,13,657309.92
142,6,652070.54
142,2,651716.93
142,10,656964.65
142,14,658406.76
142,7,656797.15
142,3,655157.44
142,11,655922.23
142,15,656557.24
143,12,653917.52
143,0,655163.49
143,4,660530.77
143,8,657847.57
143,13,658850.50
143,1,655589.66
143,5,654239.20
143,9,660720.08
143,14,659065.06
143,2,656823.89
143,6,653861.11
143,10,652229.95
143,15,655339.12
143,3,659086.46
143,7,655789.57
143,11,652511.19
144,8,657421.89
144,12,649934.01
144,4,663562.91
144,0,650963.16
144,9,658566.79
144,13,654344.64
144,5,659559.86
144,1,654754.13
144,10,654636.29
144,14,659543.94
144,6,649491.31
144,2,656319.89
144,11,652893.07
144,15,655190.85
144,7,656923.35
144,3,659102.81
145,0,656448.65
145,12,656396.50
145,8,653575.22
145,4,660614.30
145,1,654743.34
145,13,653608.22
145,9,660163.62
145,5,657517.16
145,2,652095.42
145,14,658627.53
145,10,657702.08
145,6,654696.55
145,3,658958.87
145,15,651092.32
145,11,656465.38
145,7,652666.47
146,8,655274.26
146,0,652745.49
146,12,658324.14
146,4,657784.60
146,9,661440.40
146,1,654574.04
146,13,652530.21
146,5,651861.05
146,10,655900.29
146,2,654439.71
146,14,661453.15
146,6,653747.87
146,11,652573.61
146,3,657739.92
146,15,657807.02
146,7,655982.18
147,4,659048.40
147,0,654468.01
147,12,655208.02
147,8,654342.67
147,5,653607.58
147,1,656111.19
147,13,654641.46
147,9,660186.05
147,6,654648.44
147,2,655244.44
147,14,657631.98
147,10,654034.35
147,7,653942.72
147,3,657146.60
147,15,652921.64
147,11,651919.02
148,4,661982.38
148,12,656157.83
148,8,658494.40
148,0,652363.14
148,5,655382.30
148,13,657275.21
148,9,663028.62
148,1,653117.58
148,6,651053.43
148,14,663305.82
148,10,653686.05
148,2,653017.13
148,7,656070.51
148,15,652550.97
148,11,654848.07
148,3,657656.00
149,12,657258.11
149,8,655170.43
149,0,657056.87
149,4,661463.45
149,13,657688.54
149,9,660796.21
149,1,652916.43
149,5,653493.51
149,14,658078.18
149,10,654020.90
149,2,651725.15
149,6,655179.79
149,15,656876.45
149,11,652762.33
149,3,655776.84
149,7,654169.22
150,12,653352.18
150,4,660567.52
150,0,653494.13
150,8,655589.42
150,13,651484.96
150,5,654936.20
150,1,653857.29
150,9,653756.61
150,14,661177.90
150,6,654850.60
150,2,656149.97
150,10,651861.51
150,15,654524.05
150,7,655663.07
150,3,655656.33
150,11,651859.21
151,12,654068.61
151,0,654823.86
151,4,661360.46
151,8,659153.97
151,13,651356.68
151,1,656518.69
151,5,653982.79
151,9,657123.87
151,14,659789.65
151,2,656436.71
151,6,652008.45
151,10,652284.87
151,15,656957.71
151,3,659000.70
151,7,656044.24
151,11,649250.57
152,4,655823.21
152,12,655487.93
152,8,656690.69
152,0,654627.48
152,5,657148.98
152,13,653875.94
152,9,663236.11
152,1,654693.33
152,6,657027.19
152,14,656002.05
152,10,653106.93
152,2,655704.55
152,7,655907.28
152,15,657410.43
152,11,653519.77
152,3,655090.94
153,4,663607.56
153,12,655905.63
153,8,656457.43
153,0,654471.44
153,5,651399.53
153,13,657146.89
153,9,656019.51
153,1,657014.28
153,6,655205.79
153,14,657932.46
153,10,655899.64
153,2,659722.16
153,7,654009.59
153,15,656331.29
153,11,654094.91
153,3,657056.87
154,4,651779.62
154,12,654715.72
154,8,658335.10
154,0,656124.24
154,5,654825.75
154,13,657868.95
154,9,661430.92
154,1,654393.78
154,6,651139.03
154,14,659633.66
154,10,652931.24
154,2,658880.84
154,7,654882.49
154,15,654103.13
154,11,653024.42
154,3,655790.42
155,8,655509.67
155,12,658002.68
155,0,657389.51
155,4,661912.38
155,9,658033.74
155,13,653171.58
155,1,656309.53
155,5,653775.56
155,10,651384.63
155,14,659726.30
155,2,657200.03
155,6,654562.76
155,11,653113.03
155,15,657752.12
155,3,656211.52
155,7,655093.38
156,12,655405.60
156,0,655109.64
156,8,654485.86
156,4,659912.94
156,13,655642.05
156,1,652777.67
156,9,661550.01
156,5,650443.88
156,14,657040.78
156,2,657609.78
156,10,655758.25
156,6,651413.96
156,15,654938.34
156,3,654978.80
156,11,649248.08
156,7,655287.31
157,0,654706.22
157,8,656927.96
157,4,656995.64
157,12,654682.50
157,1,655702.67
157,9,655747.27
157,5,655814.06
157,13,653926.21
157,2,652422.27
157,10,651485.82
157,6,654897.66
157,14,661614.81
157,3,655684.83
157,11,654539.90
157,7,652495.70
157,15,656435.59
158,8,654971.49
158,12,658327.29
158,4,658155.63
158,0,656013.17
158,9,657145.35
158,13,660960.07
158,5,654554.01
158,1,654865.27
158,10,658188.09
158,14,659382.86
158,6,653068.99
158,2,655554.61
158,11,651920.72
158,15,656990.81
158,7,653486.88
158,3,659508.89
159,0,655452.86
159,12,659719.97
159,8,659033.44
159,4,657432.30
159,1,653099.81
159,13,655738.71
159,9,657200.72
159,5,652158.62
159,2,656982.16
159,14,654472.34
159,10,655171.46
159,6,653941.27
159,3,660021.00
159,15,655822.66
159,11,653966.42
159,7,653673.62
160,12,655094.32
160,0,653355.96
160,8,657469.55
160,4,657072.70
160,13,654954.69
160,1,652686.15
160,9,659661.84
160,5,652760.66
160,14,660365.85
160,2,658520.49
160,10,651202.56
160,6,655088.85
160,15,656622.85
160,3,653233.43
160,11,656123.30
160,7,656868.44
161,8,661095.95
161,0,656672.98
161,12,660908.26
161,4,660633.58
161,9,659129.87
161,1,653449.31
161,13,654659.86
161,5,655827.01
161,10,655135.25
161,2,657054.93
161,14,659727.75
161,6,651163.55
161,11,651635.32
161,3,654993.85
161,15,655882.60
161,7,654982.01
162,8,658238.34
162,12,657995.64
162,0,658256.33
162,4,660227.34
162,9,657718.28
162,13,654119.28
162,1,651259.33
162,5,650407.04
162,10,652591.15
162,14,659782.25
162,2,656947.38
162,6,649618.90
162,11,654381.54
162,15,652123.92
162,3,655089.69
162,7,654831.76
163,0,652611.90
163,8,659882.66
163,12,657988.50
163,4,661397.33
163,1,654852.35
163,9,661825.68
163,13,654268.65
163,5,652267.22
163,2,654683.70
163,10,656121.90
163,14,663522.42
163,6,655813.78
163,3,656425.83
163,11,654453.51
163,15,655384.24
163,7,660035.56
164,0,659350.94
164,8,659190.49
164,12,657017.77
164,4,660916.96
164,1,653424.13
164,9,658474.20
164,13,658697.19
164,5,653075.18
164,2,659599.01
164,10,653583.29
164,14,662949.27
164,6,655878.26
164,3,655818.04
164,11,654738.25
164,15,653226.06
164,7,655945.41
165,0,659590.99
165,12,652355.96
165,8,658849.01
165,4,659002.84
165,1,652287.63
165,13,653828.93
165,9,662267.47
165,5,655267.16
165,2,652294.87
165,14,661307.32
165,10,653987.36
165,6,655596.37
165,3,658144.35
165,15,653711.83
165,11,655491.15
165,7,657298.68
166,4,656770.06
166,8,656160.07
166,0,653456.81
166,12,659075.96
166,5,654979.65
166,9,660593.93
166,1,654866.95
166,13,657834.51
166,6,653772.49
166,10,654236.38
166,2,653143.59
166,14,657370.18
166,7,653796.23
166,11,651665.30
166,3,655407.70
166,15,655657.81
167,4,661404.34
167,8,652960.69
167,12,656359.28
167,0,649179.56
167,5,656025.48
167,9,658576.93
167,13,656904.48
167,1,653603.46
167,6,651734.82
167,10,659766.78
167,14,660703.50
167,2,659499.60
167,7,657350.32
167,11,652712.05
167,15,654716.47
167,3,654771.50
168,12,650771.85
168,0,656512.25
168,8,654858.21
168,4,660533.01
168,13,654424.11
168,1,655809.94
168,9,658598.97
168,5,651701.50
168,14,658862.89
168,2,652388.08
168,10,651710.40
168,6,653706.86
168,15,653624.29
168,3,653791.74
168,11,658098.22
168,7,654422.83
169,8,655917.99
169,0,659126.65
169,4,662574.53
169,12,656511.43
169,9,657328.76
169,1,654047.27
169,5,654183.66
169,13,657268.93
169,10,655683.70
169,2,655925.46
169,6,652324.95
169,14,662638.45
169,11,653465.30
169,3,656265.20
169,7,654411.07
169,15,656699.93
170,4,661003.28
170,0,654121.10
170,12,657357.87
170,8,652403.21
170,5,650514.38
170,1,653199.28
170,13,653523.30
170,9,657141.27
170,6,654530.15
170,2,658129.42
170,14,663108.92
170,10,656330.63
170,7,657068.05
170,3,652967.89
170,15,649574.87
170,11,650553.00
171,4,664422.41
171,0,653552.78
171,12,658970.44
171,8,659165.94
171,5,652925.87
171,1,649033.92
171,13,655354.34
171,9,657068.25
171,6,652203.54
171,10,653787.85
171,14,660489.52
171,2,655818.07
171,7,654075.71
171,11,655551.24
171,15,656875.58
171,3,659223.63
172,4,657866.73
172,12,652688.15
172,0,654794.59
172,8,657835.22
172,5,652837.51
172,13,652729.60
172,1,655475.39
172,9,658457.81
172,6,655462.65
172,14,656095.07
172,2,656981.43
172,10,654148.79
172,7,655894.30
172,15,654231.54
172,3,656356.04
172,11,653140.49
173,4,662875.66
173,12,655663.44
173,0,649378.95
173,8,654807.78
173,5,653291.54
173,13,654042.02
173,1,651478.64
173,9,654888.08
173,6,652468.91
173,14,654932.25
173,2,655245.13
173,10,650222.64
173,7,657205.19
173,15,654070.08
173,3,654790.87
173,11,654171.39
174,4,657686.45
174,12,652884.52
174,8,655721.31
174,0,653946.39
174,5,655410.96
174,13,658411.53
174,9,657749.25
174,1,652646.74
174,6,651019.12
174,14,662328.17
174,10,656627.46
174,2,652250.43
174,7,656966.22
174,15,652741.65
174,11,654762.19
174,3,653091.44
175,4,659198.60
175,12,653863.39
175,0,653423.50
175,8,654765.22
175,5,655228.45
175,13,659574.04
175,1,652710.05
175,9,661730.70
175,6,653981.16
175,14,664349.18
175,2,657733.93
175,10,657000.75
175,7,654181.58
175,15,653239.25
175,3,655769.81
175,11,652159.09
176,0,654684.06
176,4,660554.41
176,8,654178.33
176,12,657003.96
176,1,652676.65
176,5,654053.46
176,9,655812.42
176,13,652279.83
176,2,657295.98
176,6,654902.14
176,10,653570.49
176,14,661565.54
176,3,655882.21
176,7,654549.20
176,11,654761.54
176,15,659047.97
177,0,653082.72
177,4,658357.64
177,8,655122.28
177,12,655142.38
177,1,655712.56
177,5,655074.04
177,9,659604.00
177,13,656646.77
177,2,655494.76
177,6,657586.96
177,10,653639.76
177,14,659321.89
177,3,653340.18
177,7,655683.38
177,11,652709.77
177,15,654549.34
178,4,658600.02
178,12,657828.14
178,0,653938.69
178,8,656002.69
178,5,655893.59
178,13,655614.23
178,1,653384.13
178,9,657694.36
178,6,654821.04
178,14,659583.13
178,2,655814.97
178,10,649868.66
178,7,657777.11
178,15,652969.99
178,3,651895.81
178,11,653725.69
179,4,660268.16
179,8,656135.29
179,12,655715.90
179,0,651329.42
179,5,656255.04
179,9,663207.04
179,13,657575.37
179,1,654659.29
179,6,650579.69
179,10,653163.62
179,14,661487.92
179,2,653438.64
179,7,657384.27
179,11,653446.24
179,15,653314.92
179,3,654975.61
180,4,662787.88
180,0,653968.35
180,12,656045.68
180,8,652564.01
180,5,658137.91
180,1,650402.40
180,13,657347.60
180,9,661157.45
180,6,648387.31
180,2,656795.62
180,14,658580.21
180,10,651152.69
180,7,656856.60
180,3,659873.48
180,15,652954.13
180,11,654610.56
181,4,653605.35
181,8,657752.94
181,0,652387.21
181,12,652040.55
181,5,657818.23
181,9,657030.50
181,1,653713.19
181,13,654754.03
181,6,654255.20
181,10,653543.40
181,2,656687.17
181,14,659418.13
181,7,654179.01
181,11,654440.56
181,3,656034.92
181,15,654136.14
182,4,658053.37
182,8,656161.40
182,12,654292.19
182,0,655977.83
182,5,655074.83
182,9,658186.90
182,13,655833.09
182,1,652711.48
182,6,651617.34
182,10,654987.90
182,14,661230.18
182,2,652212.97
182,7,651659.48
182,11,650893.57
182,15,654092.04
182,3,652896.38
183,8,652784.47
183,0,657221.73
183,12,654071.33
183,4,657103.95
183,9,659817.75
183,1,650713.04
183,13,655092.27
183,5,654105.63
183,10,656966.68
183,2,655109.20
183,14,661934.40
183,6,654748.94
183,11,650903.15
183,3,655026.39
183,15,656151.36
183,7,656892.82
184,12,654301.75
184,4,656915.60
184,0,651731.88
184,8,654945.40
184,13,654941.16
184,5,651287.45
184,1,651360.15
184,9,660244.27
184,14,661067.38
184,6,651314.60
184,2,653582.39
184,10,652709.78
184,15,654154.55
184,7,654226.99
184,3,655109.55
184,11,650851.38
185,12,659718.78
185,0,651286.50
185,4,661687.14
185,8,657728.45
185,13,659344.08
185,1,655001.75
185,5,653632.25
185,9,659670.09
185,14,661442.62
185,2,653248.21
185,6,652699.84
185,10,649074.04
185,15,650638.16
185,3,654927.15
185,7,658140.24
185,11,654910.69
186,0,651263.19
186,12,658749.09
186,8,657113.78
186,4,662307.91
186,1,654354.91
186,13,656856.76
186,9,659192.54
186,5,652261.75
186,2,657703.76
186,14,658868.58
186,10,650970.04
186,6,657135.54
186,3,655736.49
186,15,652392.36
186,11,653171.69
186,7,651747.78
187,4,661331.22
187,8,659919.39
187,12,654530.03
187,0,651131.52
187,5,650971.43
187,9,662838.24
187,13,655345.54
187,1,654056.07
187,6,649755.29
187,10,652994.91
187,14,658565.22
187,2,653788.34
187,7,655394.98
187,11,658653.30
187,15,654655.80
187,3,656469.76
188,8,658126.53
188,12,654950.47
188,4,663776.91
188,0,651407.44
188,9,663004.83
188,13,656393.24
188,5,652153.98
188,1,656043.67
188,10,649135.02
188,14,662542.97
188,6,651475.51
188,2,659456.73
188,11,654103.04
188,15,654549.61
188,7,653246.03
188,3,654205.07
189,0,651985.56
189,12,654944.20
189,8,654532.42
189,4,661548.98
189,1,655304.68
189,13,655451.14
189,9,658045.92
189,5,653497.45
189,2,655692.77
189,14,659658.31
189,10,656579.48
189,6,649534.74
189,3,655906.34
189,15,652276.05
189,11,648647.84
189,7,655444.24
190,12,657095.31
190,8,655992.47
190,4,656470.63
190,0,652385.34
190,13,656473.65
190,9,660936.26
190,5,650761.53
190,1,654760.06
190,14,657170.07
190,10,653912.96
190,6,655487.64
190,2,655246.19
190,15,651289.73
190,11,652580.09
190,7,656082.34
190,3,655031.35
191,4,661118.70
191,0,651429.70
191,12,653729.20
191,8,658702.57
191,5,654648.60
191,1,654126.40
191,13,658773.45
191,9,659621.12
191,6,651185.85
191,2,653487.62
191,14,661309.08
191,10,652618.42
191,7,654342.80
191,3,652159.03
191,15,651579.10
191,11,651669.24
192,8,658284.85
192,12,655831.46
192,0,653269.46
192,4,658061.15
192,9,659882.28
192,13,659516.77
192,1,652795.79
192,5,652397.40
192,10,651905.38
192,14,655603.90
192,2,656348.53
192,6,649496.19
192,11,650694.77
192,15,649867.14
192,3,656433.45
192,7,651231.94
193,4,663267.66
193,12,655557.26
193,0,651395.10
193,8,655328.99
193,5,650041.46
193,13,657472.00
193,1,651384.29
193,9,662391.30
193,6,652473.45
193,14,658272.66
193,2,655169.27
193,10,652974.52
193,7,652551.30
193,15,652180.23
193,3,659281.10
193,11,651944.35
194,4,655723.74
194,8,657238.91
194,12,650420.08
194,0,654557.11
194,5,651847.39
194,9,662765.62
194,13,663005.03
194,1,656434.60
194,6,652770.46
194,10,655459.84
194,14,661935.87
194,2,656282.81
194,7,656248.69
194,11,652721.07
194,15,651648.90
194,3,659216.02
195,12,653747.98
195,4,662039.26
195,0,649042.86
195,8,659723.33
195,13,660423.14
195,5,652723.49
195,1,652145.04
195,9,663408.68
195,14,659572.93
195,6,654804.60
195,2,654294.37
195,10,651708.97
195,15,652021.74
195,7,654585.54
195,3,659288.22
195,11,652963.96
196,8,655827.90
196,0,649147.05
196,4,662598.05
196,12,654415.28
196,9,663326.77
196,1,654274.95
196,5,652478.25
196,13,659810.50
196,10,654414.55
196,2,652805.98
196,6,654253.24
196,14,661624.56
196,11,651541.95
196,3,657574.45
196,7,650107.79
196,15,652538.27
197,12,654496.30
197,8,653723.26
197,4,664706.51
197,0,651669.91
197,13,660462.05
197,5,654776.07
197,1,652674.70
197,9,661630.26
197,14,663588.42
197,6,655169.13
197,2,653979.26
197,10,650937.81
197,15,653618.46
197,7,657018.11
197,3,657289.36
197,11,650311.83
198,0,651962.55
198,12,654743.85
198,4,656814.88
198,8,651587.84
198,1,654704.07
198,13,656929.46
198,5,652849.58
198,9,660389.12
198,2,657042.94
198,14,657386.77
198,6,654564.30
198,10,655629.54
198,3,661255.62
198,15,653691.25
198,7,653194.90
198,11,649441.15
199,8,659045.02
199,4,658380.24
199,0,650073.91
199,12,655831.65
199,9,660035.08
199,5,649983.55
199,1,653405.03
199,13,659374.70
199,10,650820.07
199,6,653173.25
199,2,651731.25
199,14,659950.76
199,11,652361.84
199,7,658605.72
199,3,658103.59
199,15,652258.06
200,8,654852.96
200,12,654965.12
200,4,660606.65
200,0,649228.66
200,9,659191.48
200,13,658796.26
200,5,650018.02
200,1,653641.56
200,10,655043.46
200,14,661195.32
200,6,653690.12
200,2,652446.83
200,11,654748.24
200,15,651030.42
200,7,651804.68
200,3,659651.26
201,4,659924.30
201,8,657669.64
201,12,657833.40
201,0,649342.35
201,5,653012.09
201,9,661559.52
201,13,660270.37
201,1,649136.19
201,6,655767.61
201,10,652177.05
201,14,664338.70
201,2,654028.27
201,7,652689.86
201,11,650329.23
201,15,650008.65
201,3,658363.26
202,4,660310.74
202,8,656362.92
202,12,653498.32
202,0,653058.68
202,5,652409.63
202,9,657693.96
202,13,654648.68
202,1,652463.52
202,6,651570.73
202,10,651882.36
202,14,660291.96
202,2,651970.79
202,7,656461.33
202,11,653168.25
202,15,649454.02
202,3,657511.28
203,0,651469.00
203,12,657135.88
203,8,655349.02
203,4,662582.96
203,1,652411.05
203,13,655694.44
203,9,662510.49
203,5,652772.95
203,2,652907.20
203,14,664167.20
203,10,650401.07
203,6,650205.42
203,3,656143.55
203,15,649636.42
203,11,650832.35
203,7,654108.26
204,8,657865.93
204,0,649391.56
204,12,652704.45
204,4,656718.47
204,9,659465.97
204,1,652034.92
204,13,656958.01
204,5,652060.01
204,10,650007.70
204,2,656166.24
204,14,661965.30
204,6,650344.12
204,11,652290.23
204,3,654401.70
204,15,650892.25
204,7,654060.23
205,8,655271.37
205,12,656241.60
205,4,659033.73
205,0,650390.09
205,9,662108.00
205,13,656641.01
205,5,655159.11
205,1,651707.89
205,10,651017.30
205,14,658116.86
205,6,651225.74
205,2,655658.03
205,11,653197.06
205,15,650061.90
205,7,655331.95
205,3,656545.95
206,8,657970.22
206,4,658137.45
206,0,654404.01
206,12,658520.37
206,9,656054.92
206,5,651391.71
206,1,650362.43
206,13,656821.23
206,10,653380.02
206,6,649213.78
206,2,654945.62
206,14,659260.88
206,11,649400.61
206,7,653717.65
206,3,659241.67
206,15,651980.46
207,0,650853.35
207,12,654637.52
207,4,657138.01
207,8,658841.81
207,1,651456.86
207,13,660448.90
207,5,651445.03
207,9,664161.17
207,2,655347.22
207,14,662809.31
207,6,654044.07
207,10,653640.18
207,3,658027.27
207,15,652518.76
207,7,654489.57
207,11,649656.92
208,8,660273.39
208,4,660456.76
208,0,651668.96
208,12,649236.30
208,9,658385.57
208,5,648925.76
208,1,650627.43
208,13,659109.77
208,10,652738.33
208,6,656145.14
208,2,653651.73
208,14,662213.68
208,11,650083.32
208,7,654694.94
208,3,657393.10
208,15,651685.57
209,12,654522.13
209,8,660066.82
209,0,653225.52
209,4,660824.49
209,13,657012.06
209,9,662158.94
209,1,651136.01
209,5,651875.87
209,14,661283.23
209,10,650325.10
209,2,652203.08
209,6,649740.59
209,15,653208.37
209,11,652613.59
209,3,655096.89
209,7,652288.52
210,12,655161.49
210,0,651617.29
210,4,662324.65
210,8,657380.39
210,13,659779.45
210,1,650445.02
210,5,651373.22
210,9,656362.20
210,14,662665.48
210,2,654470.55
210,6,651637.60
210,10,652919.62
210,15,652883.33
210,3,654516.73
210,7,653838.90
210,11,654345.17
211,0,652314.31
211,8,654871.35
211,12,655541.72
211,4,662897.69
211,1,650656.34
211,9,659802.57
211,13,660102.47
211,5,651315.50
211,2,650507.29
211,10,653573.59
211,14,662749.09
211,6,652095.11
211,3,658415.54
211,11,653269.59
211,15,652039.72
211,7,651984.81
212,8,658896.28
212,4,659464.24
212,12,655730.69
212,0,651741.37
212,9,659048.69
212,5,649257.88
212,13,659309.46
212,1,651343.39
212,10,652634.45
212,6,654603.60
212,14,660325.33
212,2,655043.68
212,11,649986.78
212,7,651487.52
212,15,649361.27
212,3,656899.53
213,12,652340.82
213,8,655167.23
213,0,654868.86
213,4,658333.98
213,13,658823.15
213,9,658752.93
213,1,650399.13
213,5,652943.77
213,14,657562.82
213,10,655270.68
213,2,650275.65
213,6,654810.12
213,15,652128.43
213,11,653290.13
213,3,655471.79
213,7,655157.96
214,0,651227.43
214,12,652698.63
214,4,661619.41
214,8,654233.44
214,1,654643.14
214,13,656957.28
214,5,649630.60
214,9,662304.50
214,2,647346.03
214,14,659654.47
214,6,653724.19
214,10,654343.78
214,3,660672.05
214,15,653020.51
214,7,653209.21
214,11,654713.30
215,8,656030.60
215,12,654302.56
215,0,652529.18
215,4,660020.42
215,9,662944.27
215,13,655498.35
215,1,652571.88
215,5,651821.06
215,10,650495.36
215,14,658792.41
215,6,651159.47
215,2,656460.90
215,11,652767.10
215,15,649263.77
215,7,655324.81
215,3,658817.89
216,8,655571.02
216,0,653948.56
216,4,665005.29
216,12,655690.06
216,9,664171.58
216,1,652247.63
216,5,653608.27
216,13,656911.03
216,10,652096.28
216,2,654141.80
216,6,653897.80
216,14,659521.75
216,11,654510.92
216,3,655570.10
216,7,652717.77
216,15,652359.75
217,8,655884.00
217,12,653981.01
217,0,651572.74
217,4,663031.22
217,9,659574.30
217,13,656044.94
217,1,653885.37
217,5,651085.77
217,10,651823.96
217,14,663089.34
217,2,654727.31
217,6,652606.28
217,11,655393.60
217,15,650631.99
217,3,663652.10
217,7,655298.63
218,0,652446.98
218,12,658034.03
218,8,656340.71
218,4,664057.92
218,1,653399.45
218,13,656407.50
218,9,661027.97
218,5,651800.87
218,2,649425.15
218,14,658347.71
218,10,652168.18
218,6,651884.83
218,3,656266.29
218,15,653953.70
218,11,654252.41
218,7,649425.51
219,12,657591.66
219,8,658516.24
219,0,653262.01
219,4,662639.21
219,13,660736.96
219,9,655927.06
219,14,662202.87
219,10,649997.09
219,1,653043.74
219,5,649473.31
219,15,651549.13
219,11,655371.48
219,2,651356.81
219,6,648382.17
219,3,656559.39
219,7,656892.81
220,8,656642.07
220,12,652976.02
220,0,650783.45
220,4,662241.31
220,9,661050.57
220,13,653972.27
220,1,653814.96
220,5,651848.42
220,10,651324.62
220,14,662216.01
220,2,652932.71
220,6,649662.62
220,11,654140.33
220,15,652009.99
220,3,657635.95
220,7,656523.46
221,8,654307.23
221,0,652916.03
221,12,655332.45
221,4,661277.99
221,9,660079.87
221,1,650935.68
221,13,655372.97
221,5,651785.16
221,10,652635.36
221,2,655717.58
221,14,661089.23
221,6,651635.92
221,11,654470.48
221,3,658884.08
221,15,650106.93
221,7,655121.24
222,4,662585.97
222,0,650830.37
222,12,652394.89
222,8,659363.43
222,5,651597.06
222,1,654334.20
222,13,656354.20
222,9,657906.64
222,6,653222.75
222,2,652085.50
222,14,662434.76
222,10,651970.07
222,7,657994.06
222,3,657600.93
222,15,652252.25
222,11,654565.07
223,4,661260.67
223,8,658342.47
223,0,648485.60
223,12,654592.33
223,5,651657.58
223,9,660974.44
223,1,654945.22
223,13,658288.79
223,6,652992.51
223,10,651608.57
223,2,657290.04
223,14,663333.03
223,7,657750.05
223,11,652087.75
223,3,655878.90
223,15,649922.00
224,4,657940.57
224,12,654060.79
224,0,649805.18
224,8,654170.76
224,5,651727.21
224,13,655795.44
224,1,653359.67
224,9,660386.75
224,6,653300.48
224,14,657607.19
224,2,655815.38
224,10,651670.83
224,7,651356.93
224,15,650493.36
224,11,650234.93
224,3,661560.97
225,4,659526.01
225,8,659796.58
225,0,652586.39
225,12,655245.59
225,5,648662.97
225,9,654317.83
225,1,652779.36
225,13,655172.19
225,6,653139.15
225,10,650642.56
225,2,652118.24
225,14,663046.04
225,7,655294.90
225,11,652914.82
225,3,653735.13
225,15,653148.60
226,12,655986.12
226,0,649962.10
226,8,651511.96
226,4,660087.91
226,13,651860.76
226,1,653855.05
226,5,653707.23
226,9,658698.23
226,14,661143.27
226,2,654532.56
226,6,654534.38
226,10,650564.14
226,15,648839.87
226,3,659780.62
226,7,655657.51
226,11,653156.21
227,4,659367.15
227,12,653482.87
227,8,656058.88
227,0,650786.42
227,5,649507.68
227,13,654060.55
227,9,658874.15
227,1,656327.13
227,6,649397.76
227,14,661612.19
227,10,647344.58
227,2,652996.61
227,7,656429.72
227,15,653254.21
227,11,654245.43
227,3,654691.76
228,12,657977.54
228,0,651264.79
228,4,659034.40
228,8,656149.85
228,13,659738.56
228,1,654682.19
228,5,651936.92
228,9,660439.21
228,14,663404.97
228,2,657164.26
228,6,650804.21
228,10,650801.45
228,15,653956.35
228,3,656450.32
228,7,655469.11
228,11,656465.21
229,4,659669.55
229,12,650983.03
229,8,656433.89
229,0,651865.62
229,5,650467.77
229,13,655994.81
229,9,655067.06
229,1,654859.21
229,6,654334.40
229,14,659358.24
229,10,650673.24
229,2,652193.14
229,7,652985.80
229,15,651830.37
229,11,653717.73
229,3,657175.39
230,4,658173.00
230,0,651313.22
230,8,654736.03
230,12,648668.84
230,5,648473.35
230,1,652998.57
230,9,659215.91
230,13,654106.09
230,6,656506.36
230,2,655658.75
230,10,648461.49
230,14,660860.70
230,7,654386.92
230,3,658072.56
230,11,654938.52
230,15,652553.45
231,4,659310.41
231,8,655522.75
231,0,650515.59
231,12,650709.48
231,5,651436.87
231,9,662611.96
231,1,654631.21
231,13,651059.91
231,6,654525.73
231,10,650583.98
231,2,653550.24
231,14,657607.29
231,7,653839.66
231,11,654218.43
231,3,657031.48
231,15,647943.98
232,4,660246.90
232,0,649023.77
232,8,659064.14
232,12,651155.46
232,5,651789.42
232,1,656433.30
232,9,663440.53
232,13,659195.93
232,6,653245.17
232,2,654256.94
232,10,649527.93
232,14,658465.65
232,7,655308.83
232,3,657476.28
232,11,652489.38
232,15,652209.15
233,12,654896.50
233,0,650272.20
233,4,657874.79
233,8,655742.92
233,13,657414.07
233,1,650853.67
233,5,650496.24
233,9,660511.21
233,14,663947.11
233,2,656765.21
233,6,653650.53
233,10,650008.38
233,15,649666.90
233,3,656476.63
233,7,654269.48
233,11,652633.70
234,0,649020.37
234,12,655797.49
234,8,656852.85
234,4,660371.70
234,1,649503.66
234,13,655791.31
234,9,661582.68
234,5,649410.11
234,2,655438.11
234,14,656464.25
234,10,650930.76
234,6,649846.34
234,3,659501.77
234,15,650709.86
234,11,650042.77
234,7,653543.90
235,0,650979.60
235,8,656446.68
235,12,653322.96
235,4,660096.95
235,1,650402.35
235,9,656923.91
235,13,656875.87
235,5,649116.92
235,2,653317.58
235,10,653200.10
235,14,660272.25
235,6,653189.69
235,3,658465.26
235,11,651299.98
235,15,650762.53
235,7,653950.94
236,8,654305.24
236,12,652658.97
236,4,655411.16
236,0,650912.41
236,9,657162.02
236,13,655535.79
236,5,650009.55
236,1,652433.98
236,10,652805.61
236,14,661375.04
236,6,652170.65
236,2,655069.32
236,11,654238.70
236,15,649690.71
236,7,651857.37
236,3,655639.95
237,0,650988.33
237,12,653666.03
237,4,661063.82
237,8,656381.16
237,1,654881.30
237,13,658886.34
237,5,649976.51
237,9,661285.63
237,2,655522.94
237,14,661315.03
237,6,648423.41
237,10,649836.31
237,3,653777.30
237,15,649221.03
237,7,656721.61
237,11,656646.86
238,8,652761.49
238,12,653015.05
238,0,650216.58
238,4,659457.15
238,9,656016.78
238,13,656199.92
238,1,653153.52
238,5,650852.80
238,10,649856.71
238,14,658837.00
238,2,654211.72
238,6,652114.05
238,11,652714.09
238,15,650352.62
238,3,654446.21
238,7,655474.76
239,8,652372.74
239,4,665860.50
239,12,653272.32
239,0,647439.46
239,9,659977.85
239,5,647996.30
239,13,661213.67
239,1,653741.29
239,10,646930.13
239,6,648670.40
239,14,659389.82
239,2,656535.19
239,11,650956.41
239,7,654147.29
239,15,650663.12
239,3,657944.11
240,4,660517.33
240,8,654575.18
240,0,646729.16
240,12,656181.81
240,5,650443.10
240,9,659782.42
240,1,651763.38
240,13,657071.68
240,6,649761.72
240,10,649831.49
240,2,653880.87
240,14,656917.26
240,7,656796.03
240,11,652180.01
240,3,652666.26
240,15,651215.01
241,4,658666.65
241,0,649415.28
241,12,656181.02
241,8,658929.93
241,5,649904.59
241,1,651879.81
241,13,656360.38
241,9,660530.38
241,6,649364.07
241,2,658438.14
241,14,663268.57
241,10,651242.87
241,7,652439.30
241,3,655663.89
241,15,647853.12
241,11,652123.39
242,4,658739.65
242,0,649458.30
242,8,656930.84
242,12,650389.31
242,5,649319.18
242,1,651452.95
242,9,657441.92
242,13,654822.82
242,6,651472.80
242,2,653294.54
242,10,645436.35
242,14,663241.24
242,7,654953.28
242,3,656209.53
242,11,651696.56
242,15,649713.64
243,8,660881.40
243,0,650738.50
243,4,663538.15
243,12,654830.23
243,9,659712.74
243,1,651427.24
243,5,647020.33
243,13,660088.49
243,10,648047.36
243,2,655349.82
243,6,650138.33
243,14,656596.34
243,11,648316.35
243,3,655714.42
243,7,653648.50
243,15,649865.30
244,12,656119.94
244,8,658280.60
244,4,659397.07
244,0,647168.51
244,13,657782.91
244,9,659097.87
244,5,648784.40
244,1,650219.39
244,14,660872.01
244,10,647482.79
244,6,653022.92
244,2,652438.95
244,15,646677.24
244,11,652563.45
244,7,656785.68
244,3,655040.52
245,4,661395.10
245,8,654824.47
245,0,649110.86
245,12,655910.02
245,5,648061.24
245,9,662990.79
245,1,652140.79
245,13,655332.44
245,6,653758.43
245,10,649697.59
245,2,659530.38
245,14,657634.74
245,7,654680.05
245,11,651599.91
245,3,659072.10
245,15,649633.76
246,8,651614.44
246,0,650388.93
246,12,653284.20
246,4,661064.99
246,9,657758.24
246,1,650588.69
246,13,657123.46
246,5,647749.50
246,10,649805.58
246,2,656994.06
246,14,659140.36
246,6,650393.58
246,11,652282.68
246,3,656180.80
246,15,649472.20
246,7,657702.55
247,8,656005.65
247,4,658733.68
247,0,647567.28
247,12,655741.43
247,9,662570.42
247,5,650490.39
247,1,653525.01
247,13,653965.35
247,10,647601.32
247,6,652136.23
247,2,653740.64
247,14,658169.60
247,11,651608.41
247,7,652742.14
247,3,661900.58
247,15,651753.44
248,4,658473.96
248,12,654037.34
248,0,652309.63
248,8,655050.26
248,5,647579.88
248,13,659343.02
248,1,652413.77
248,9,659623.77
248,6,650006.79
248,14,660783.64
248,2,656373.25
248,10,644183.43
248,7,654773.94
248,15,647234.55
248,3,656153.46
248,11,647728.48
249,0,650419.17
249,12,655062.52
249,8,660218.12
249,4,662772.74
249,1,648163.17
249,13,655879.83
249,9,664911.11
249,5,647427.04
249,2,655465.22
249,14,658993.79
249,10,644183.43
249,6,651991.58
249,3,654587.14
249,15,644708.03
249,11,650859.61
249,7,655194.65
250,0,648914.10
250,4,660615.23
250,12,653481.07
250,8,655736.62
250,1,651968.84
250,5,647614.26
250,13,656306.71
250,9,662923.32
250,2,659936.34
250,6,651495.93
250,14,664375.00
250,10,644183.43
250,3,658389.91
250,7,660461.06
250,15,648387.39
250,11,649402.26
251,4,659272.01
251,0,644468.03
251,8,656225.96
251,12,656393.93
251,5,648272.76
251,1,652652.33
251,9,660201.76
251,13,657957.66
251,6,650782.08
251,2,655413.45
251,10,644183.43
251,14,658144.49
251,7,655757.36
251,3,656574.76
251,11,650764.26
251,15,646166.94
252,4,660295.26
252,8,658025.23
252,12,654385.56
252,0,646368.40
252,5,644735.68
252,9,659761.97
252,13,656194.17
252,1,652380.15
252,6,650163.89
252,10,647054.65
252,14,660314.69
252,2,653045.75
252,7,651200.69
252,11,652070.55
252,15,649056.44
252,3,659851.11
253,4,661129.85
253,12,653462.76
253,8,657376.25
253,0,647139.27
253,5,648430.37
253,13,657346.95
253,9,659783.64
253,1,650521.06
253,6,651112.67
253,14,663652.91
253,10,648782.27
253,2,651379.50
253,7,654197.55
253,15,646253.54
253,11,650398.61
253,3,660918.49
254,8,655214.33
254,4,659315.29
254,0,648706.93
254,12,652491.10
254,9,663139.36
254,5,647372.42
254,1,652425.50
254,13,655677.74
254,10,647198.02
254,6,649864.53
254,2,651660.83
254,14,663815.97
254,11,651323.12
254,7,650134.78
254,3,654587.84
254,15,647949.76
255,0,649552.04
255,12,653459.42
255,8,658416.50
255,4,658209.05
255,1,652693.68
255,13,655836.39
255,9,662028.21
255,5,647776.94
255,2,654680.99
255,14,665629.87
255,10,648949.54
255,6,651411.74
255,3,656364.57
255,15,646310.41
255,11,652610.61
255,7,656304.96
256,8,654757.11
256,12,656730.39
256,4,659849.73
256,0,646268.19
256,9,658251.57
256,13,653118.07
256,5,648072.14
256,1,651386.45
256,10,648359.05
256,14,660729.47
256,6,649965.95
256,2,653663.66
256,11,651791.56
256,15,648316.02
256,7,653071.27
256,3,656785.64
257,12,649316.98
257,4,660322.56
257,8,656309.92
257,0,647562.14
257,13,657849.60
257,5,645716.79
257,9,660462.49
257,1,649175.43
257,14,657662.67
257,6,649365.01
257,10,646858.60
257,2,649938.77
257,15,648735.97
257,7,653905.04
257,11,646780.36
257,3,656685.94
258,8,656956.72
258,0,649247.04
258,12,652006.94
258,4,658367.91
258,9,664848.80
258,1,649554.29
258,13,658247.37
258,5,648020.99
258,10,645718.46
258,2,656745.05
258,14,663430.68
258,6,647577.05
258,11,649613.35
258,3,655598.37
258,15,647158.76
258,7,652287.70
259,8,654997.62
259,12,655403.57
259,0,647679.49
259,4,659736.00
259,9,658876.19
259,13,659414.50
259,1,649177.71
259,5,646550.71
259,10,647959.68
259,14,659277.03
259,2,655293.66
259,6,651225.15
259,11,649785.71
259,15,648817.26
259,3,655540.36
259,7,653739.32
260,12,653203.17
260,8,658866.12
260,4,657971.67
260,0,643470.92
260,13,657250.14
260,9,663090.84
260,5,646241.49
260,1,651470.21
260,14,664359.83
260,10,650347.97
260,6,655286.78
260,2,653600.60
260,15,647288.41
260,11,648920.18
260,7,654054.14
260,3,659304.15
261,0,643470.92
261,8,658605.54
261,4,662089.11
261,12,652815.58
261,1,649306.45
261,9,661100.42
261,5,647348.02
261,13,659388.29
261,2,653563.25
261,10,649148.24
261,6,650926.16
261,14,658860.30
261,3,657796.91
261,11,652115.51
261,7,651698.78
261,15,645977.96
262,0,643470.92
262,4,661177.16
262,8,657278.03
262,12,654615.01
262,1,648576.83
262,5,648261.11
262,9,659969.93
262,13,655596.12
262,2,653864.42
262,6,651756.89
262,10,648680.96
262,14,660049.58
262,3,660935.20
262,7,652397.78
262,11,647857.87
262,15,650295.52
263,4,664012.99
263,8,652867.93
263,0,648607.21
263,12,654581.68
263,5,648381.56
263,9,657446.64
263,1,648934.58
263,13,657796.26
263,6,648106.95
263,10,644065.29
263,2,655095.27
263,14,660569.83
263,7,656259.61
263,11,649846.22
263,3,655017.12
263,15,646305.04
264,0,644875.89
264,12,654548.57
264,8,658110.07
264,4,662637.90
264,1,648250.66
264,13,659185.40
264,9,663155.69
264,5,646965.07
264,2,656326.98
264,14,661420.48
264,10,646502.22
264,6,650095.84
264,3,657376.23
264,15,646710.45
264,11,651427.29
264,7,652414.29
265,0,647638.35
265,8,658232.96
265,12,654378.94
265,4,657722.03
265,1,650932.99
265,9,657646.77
265,13,657806.68
265,5,648639.59
265,2,655051.83
265,10,647198.48
265,14,659773.82
265,6,650712.07
265,3,660041.11
265,11,650104.29
265,15,646329.78
265,7,654401.06
266,0,648433.22
266,8,659038.75
266,12,652838.06
266,4,663171.40
266,1,648312.35
266,9,660246.22
266,13,658354.15
266,5,647621.48
266,2,652158.44
266,10,645654.71
266,14,659068.32
266,6,649622.06
266,3,653386.50
266,11,648819.07
266,15,646302.48
266,7,655293.47
267,0,644149.47
267,12,655462.87
267,8,656305.65
267,4,669164.26
267,1,648906.87
267,13,659409.25
267,9,660522.04
267,5,643423.28
267,2,653870.02
267,14,663785.34
267,10,644211.64
267,6,650686.49
267,3,654520.32
267,15,645984.75
267,11,652256.12
267,7,653681.89
268,0,646299.89
268,8,658940.86
268,12,654084.85
268,4,660477.03
268,9,660407.56
268,1,650511.51
268,13,659276.65
268,5,648238.47
268,10,647020.85
268,2,652968.38
268,14,659546.74
268,6,647441.16
268,11,647347.30
268,3,654176.22
268,15,647200.95
268,7,654615.79
269,0,647952.42
269,12,656148.34
269,8,656629.66
269,4,661382.20
269,1,650994.12
269,13,654040.88
269,9,661684.89
269,5,647050.93
269,2,654357.06
269,14,660057.96
269,10,645233.73
269,6,650303.40
269,3,653144.80
269,15,647260.90
269,11,651730.37
269,7,655566.29
270,0,646689.24
270,12,654299.00
270,8,654158.78
270,4,661584.77
270,1,650918.84
270,13,653371.52
270,9,664985.23
270,5,650891.80
270,2,654539.22
270,14,657183.18
270,10,648079.31
270,6,649321.23
270,3,657848.50
270,15,645304.88
270,11,649888.79
270,7,654345.34
271,0,646687.77
271,8,653917.82
271,12,655305.53
271,4,661951.62
271,1,646913.20
271,9,660783.40
271,13,656131.06
271,5,644544.84
271,2,657149.79
271,10,644729.36
271,14,662886.84
271,6,650120.77
271,3,656465.15
271,11,649760.92
271,15,649834.62
271,7,655836.06
272,0,645592.19
272,12,651949.16
272,8,658730.03
272,4,661411.43
272,1,648844.32
272,13,656507.47
272,9,663428.71
272,5,645321.58
272,2,653216.67
272,14,661508.79
272,10,646176.87
272,6,646807.10
272,3,658614.71
272,15,643092.65
272,11,648123.12
272,7,659139.41
273,0,643107.84
273,8,658159.83
273,12,652327.37
273,4,662039.58
273,1,648151.85
273,9,663228.50
273,13,654811.89
273,5,646362.12
273,2,653020.80
273,10,646971.60
273,14,661694.51
273,6,649740.41
273,3,654439.11
273,11,648770.57
273,15,644947.17
273,7,651861.93
274,0,644204.98
274,12,653585.87
274,8,652512.18
274,4,660275.54
274,1,649638.63
274,13,659403.57
274,9,658971.19
274,5,647924.31
274,2,652366.06
274,14,661591.55
274,10,648316.26
274,6,647160.59
274,3,651414.42
274,15,648889.36
274,11,649681.39
274,7,650693.27
275,0,645731.08
275,8,652922.22
275,12,655196.69
275,4,663497.35
275,1,651021.10
275,9,663641.50
275,13,655241.27
275,5,644424.45
275,2,651965.97
275,10,646920.75
275,14,658833.98
275,6,648211.00
275,3,657089.14
275,11,648725.14
275,15,649045.74
275,7,652163.69
276,0,645310.67
276,12,654833.70
276,8,654753.31
276,4,661567.72
276,1,649246.80
276,13,654300.22
276,9,659215.81
276,5,646282.70
276,2,653400.81
276,14,658035.46
276,10,644982.99
276,6,649414.27
276,3,654762.12
276,15,644470.26
276,11,648893.64
276,7,652853.95
277,8,657126.27
277,0,644889.86
277,12,653409.06
277,4,661168.62
277,9,660079.39
277,1,649616.20
277,13,653800.75
277,5,645242.80
277,10,643908.16
277,2,653816.21
277,14,665092.16
277,6,651884.08
277,11,650985.16
277,3,657381.78
277,15,643351.76
277,7,652218.17
278,0,646864.64
278,8,650248.89
278,12,652981.14
278,4,659764.01
278,1,647816.77
278,9,660931.70
278,13,656510.15
278,5,645066.26
278,2,654931.76
278,10,641861.32
278,14,661147.89
278,6,649350.82
278,3,659304.71
278,11,652063.40
278,15,642757.97
278,7,651852.72
279,0,644712.06
279,8,655935.56
279,12,651316.62
279,4,658730.76
279,1,649024.91
279,9,660219.28
279,13,655140.91
279,5,644353.97
279,2,650989.86
279,10,642961.31
279,14,660247.38
279,6,651227.06
279,3,652949.21
279,11,646933.98
279,15,645331.52
279,7,654177.25
280,0,646411.75
280,8,654898.08
280,12,654068.60
280,4,663655.41
280,1,647031.03
280,9,660207.66
280,13,656040.56
280,5,643950.83
280,2,647898.03
280,10,642799.54
280,14,657318.87
280,6,649823.98
280,3,653963.12
280,11,648889.41
280,15,645113.55
280,7,653779.08
281,8,654706.59
281,4,660783.86
281,0,646871.17
281,12,648422.25
281,9,665249.17
281,5,643819.23
281,1,647710.17
281,13,654081.94
281,10,643294.74
281,6,648844.92
281,2,651059.23
281,14,661805.09
281,11,650805.72
281,15,645625.41
281,7,655080.82
281,3,654701.75
282,12,655101.70
282,8,655139.71
282,0,644784.16
282,4,659481.30
282,13,655150.18
282,9,662279.71
282,1,647344.35
282,5,643924.68
282,14,655274.51
282,10,642625.23
282,2,653866.79
282,6,649714.73
282,15,644258.38
282,11,647344.59
282,3,654364.81
282,7,654433.69
283,0,644659.07
283,12,652324.98
283,8,654053.25
283,4,657618.80
283,1,648857.74
283,13,650435.19
283,9,658395.13
283,5,644703.12
283,2,652814.92
283,14,658728.74
283,10,643867.44
283,6,649611.56
283,3,656077.87
283,15,642551.42
283,11,647161.98
283,7,650020.43
284,0,645645.84
284,8,657651.09
284,12,654096.07
284,4,662357.68
284,1,647770.69
284,9,658061.39
284,13,656188.72
284,5,645453.60
284,2,651451.21
284,10,644890.23
284,14,656711.43
284,6,649026.30
284,3,657054.87
284,11,651049.11
284,15,643246.29
284,7,652492.78
285,0,643123.72
285,12,650618.54
285,8,652226.08
285,4,661077.71
285,1,649434.54
285,13,655922.15
285,9,661877.31
285,5,644134.68
285,2,653934.43
285,14,663721.78
285,10,643136.84
285,6,647966.79
285,3,652608.10
285,15,642462.29
285,11,648963.05
285,7,652973.24
286,0,643169.64
286,8,655063.90
286,12,654738.35
286,4,662792.50
286,1,648977.97
286,9,659040.12
286,13,654781.27
286,5,645725.12
286,2,651072.84
286,10,642509.62
286,14,661572.70
286,6,647189.29
286,3,657220.76
286,11,648610.01
286,15,644253.37
286,7,650113.13
287,0,644520.45
287,8,650430.31
287,4,661012.57
287,12,655262.67
287,9,660697.71
287,1,644847.61
287,5,645176.25
287,13,658174.61
287,10,643292.11
287,2,653426.29
287,6,647471.66
287,14,660688.18
287,11,647264.30
287,3,652212.07
287,7,652655.72
287,15,643040.46
288,0,643216.04
288,8,654876.99
288,12,650814.24
288,4,657999.41
288,1,647825.65
288,9,659236.75
288,13,652182.04
288,5,643505.94
288,2,649449.96
288,10,644890.72
288,14,657953.29
288,6,648573.13
288,3,653081.57
288,11,647248.62
288,15,643184.92
288,7,653706.43
289,0,643656.65
289,12,655479.18
289,8,653081.66
289,4,655918.94
289,1,648941.88
289,9,659634.08
289,13,653518.08
289,5,645940.85
289,2,647772.38
289,10,643037.85
289,14,658114.79
289,6,648818.49
289,3,657956.92
289,11,648554.77
289,15,644044.60
289,7,654056.12
290,0,643714.20
290,12,650663.29
290,8,657212.30
290,4,658347.31
290,1,648787.19
290,13,653807.73
290,9,659506.35
290,5,644714.53
290,2,648350.69
290,14,657023.67
290,10,643445.07
290,6,647235.84
290,3,651715.35
290,15,643165.68
290,11,648340.30
290,7,653502.76
291,0,641337.04
291,12,649303.15
291,8,655997.09
291,4,658707.03
291,1,649920.27
291,13,656486.05
291,9,659451.74
291,5,642520.71
291,2,650016.14
291,14,657036.38
291,10,642735.65
291,6,647303.94
291,3,654864.56
291,15,646363.15
291,11,648241.83
291,7,650993.41
292,0,644932.93
292,12,651629.65
292,8,654191.85
292,4,658051.68
292,1,648574.89
292,9,661026.11
292,13,652125.49
292,5,641376.84
292,2,651269.72
292,10,642043.47
292,14,657618.78
292,6,648672.68
292,3,654252.44
292,11,648529.45
292,15,644383.54
292,7,650829.81
293,0,644877.44
293,8,655996.75
293,12,652228.00
293,4,660758.22
293,1,649434.12
293,9,658728.03
293,13,652327.02
293,5,644683.75
293,2,652688.14
293,10,645157.31
293,14,657538.03
293,6,646470.22
293,3,659724.94
293,11,649541.68
293,15,643992.20
293,7,651179.90
294,0,643477.25
294,8,656802.18
294,12,651348.53
294,4,662026.56
294,1,646908.70
294,9,657759.49
294,13,654344.91
294,5,645221.95
294,2,647054.58
294,10,644215.61
294,14,662797.16
294,6,648693.67
294,3,656247.77
294,11,646536.99
294,15,642259.29
294,7,654544.57
295,0,643924.86
295,8,649910.44
295,12,652702.31
295,4,662996.49
295,1,648059.74
295,9,659220.24
295,13,653213.60
295,5,643403.38
295,2,652293.59
295,10,641227.09
295,14,656336.93
295,6,648380.05
295,3,653460.12
295,11,651729.34
295,15,643148.25
295,7,651955.90
296,8,654549.04
296,0,643071.95
296,12,650771.19
296,4,661783.05
296,9,655426.49
296,1,648320.19
296,13,655152.64
296,5,644123.34
296,10,643624.73
296,2,652688.55
296,14,660741.39
296,6,648346.84
296,11,648730.17
296,3,654790.98
296,15,642899.91
296,7,650891.06
297,0,642069.07
297,12,652780.96
297,8,656976.62
297,4,659152.22
297,1,649257.84
297,13,651675.90
297,9,663367.61
297,5,642911.85
297,2,652343.93
297,14,660510.77
297,10,646084.63
297,6,645745.97
297,3,654429.27
297,15,645264.08
297,11,647990.70
297,7,652831.68
298,0,642697.66
298,12,652500.88
298,8,658172.16
298,4,658872.17
298,1,647002.35
298,13,653200.32
298,9,659295.92
298,5,643452.92
298,2,649523.78
298,14,654380.53
298,10,644155.46
298,6,648320.65
298,3,658186.04
298,15,644454.02
298,11,646121.96
298,7,649686.54
299,0,645977.89
299,8,656185.13
299,12,649555.72
299,4,664556.73
299,1,646295.72
299,9,661796.60
299,13,653588.37
299,5,644151.43
299,2,650226.78
299,10,642936.52
299,14,660436.38
299,6,647722.46
299,3,653625.82
299,11,646537.89
299,15,643723.10
299,7,650947.91
300,12,652721.49
300,4,660358.83
300,0,641717.58
300,8,654243.48
300,13,652268.40
300,5,645223.41
300,1,645236.35
300,9,661853.22
300,14,661505.87
300,6,648316.63
300,2,648217.10
300,10,643143.71
300,15,643883.89
300,7,650826.37
300,3,652375.49
300,11,648904.39
